iid,1,2,3,4,5,6,7,8,9,10,11,12,13,14,15
100056041,1.0,1.0,1.0,3.0,0.0,0.0,1.0,0.0,1.0,0.0,1.0,0.0,0.0,1.0,0.0
100057957,2.0,2.0,2.0,3.0,2.0,3.0,2.0,0.0,2.0,1.0,1.0,2.0,2.0,3.0,0.0
100059553,0.0,0.0,1.0,1.0,1.0,1.0,0.0,0.0,1.0,0.0,0.0,1.0,1.0,1.0,0.0
100062565,2.0,2.0,2.0,3.0,2.0,3.0,2.0,2.0,1.0,1.0,1.0,2.0,2.0,3.0,1.0
100062713,1.0,1.0,0.0,0.0,0.0,0.0,0.0,0.0,0.0,0.0,0.0,0.0,0.0,0.0,0.0
100064191,0.0,0.0,0.0,0.0,0.0,0.0,0.0,0.0,0.0,0.0,1.0,2.0,0.0,1.0,1.0
100067493,0.0,0.0,0.0,0.0,0.0,1.0,0.0,0.0,0.0,2.0,0.0,1.0,0.0,0.0,0.0
100068049,1.0,0.0,1.0,1.0,0.0,1.0,1.0,0.0,1.0,0.0,0.0,0.0,0.0,0.0,0.0
100073240,2.0,2.0,2.0,3.0,1.0,4.0,2.0,2.0,2.0,1.0,1.0,2.0,2.0,3.0,1.0
100075318,0.0,0.0,1.0,1.0,2.0,4.0,1.0,2.0,2.0,1.0,1.0,2.0,2.0,1.0,2.0
100076414,2.0,2.0,0.0,3.0,1.0,2.0,1.0,1.0,1.0,1.0,1.0,2.0,2.0,3.0,0.0
100078386,2.0,1.0,2.0,1.0,2.0,2.0,1.0,2.0,1.0,1.0,1.0,2.0,2.0,2.0,1.0
100080756,2.0,2.0,1.0,0.0,2.0,3.0,0.0,1.0,1.0,0.0,0.0,0.0,0.0,2.0,0.0
100089802,2.0,2.0,2.0,3.0,2.0,2.0,2.0,2.0,2.0,1.0,1.0,2.0,2.0,3.0,1.0
100090772,1.0,1.0,0.0,1.0,0.0,1.0,0.0,2.0,2.0,1.0,1.0,0.0,1.0,2.0,0.0
100099948,2.0,2.0,2.0,2.0,1.0,2.0,2.0,2.0,1.0,0.0,1.0,2.0,2.0,3.0,0.0
100109914,2.0,2.0,1.0,2.0,1.0,3.0,2.0,1.0,1.0,0.0,0.0,1.0,1.0,0.0,0.0
100111994,0.0,1.0,2.0,2.0,2.0,3.0,2.0,2.0,2.0,1.0,1.0,0.0,0.0,1.0,0.0
100113670,1.0,1.0,0.0,1.0,0.0,1.0,0.0,1.0,1.0,0.0,0.0,1.0,0.0,0.0,0.0
100116128,2.0,2.0,1.0,3.0,0.0,0.0,0.0,0.0,2.0,1.0,1.0,2.0,2.0,3.0,1.0
100121698,0.0,0.0,1.0,0.0,0.0,0.0,0.0,1.0,1.0,0.0,0.0,0.0,0.0,0.0,0.0
100123014,2.0,1.0,2.0,2.0,2.0,3.0,2.0,2.0,2.0,1.0,1.0,2.0,2.0,3.0,1.0
100126396,0.0,0.0,0.0,0.0,0.0,0.0,0.0,0.0,1.0,1.0,0.0,0.0,0.0,1.0,0.0
100126896,1.0,1.0,0.0,3.0,1.0,0.0,1.0,1.0,2.0,0.0,1.0,1.0,1.0,2.0,1.0
100130380,0.0,0.0,2.0,3.0,2.0,3.0,2.0,2.0,2.0,1.0,1.0,2.0,1.0,3.0,1.0
100131856,0.0,0.0,2.0,1.0,2.0,2.0,1.0,0.0,1.0,1.0,1.0,1.0,1.0,0.0,0.0
100133332,2.0,2.0,2.0,3.0,2.0,3.0,2.0,1.0,2.0,1.0,1.0,1.0,2.0,3.0,1.0
100133866,1.0,0.0,0.0,0.0,1.0,0.0,0.0,0.0,0.0,0.0,0.0,1.0,1.0,0.0,0.0
100134116,2.0,0.0,1.0,1.0,0.0,3.0,1.0,2.0,1.0,0.0,1.0,2.0,2.0,2.0,0.0
100134348,0.0,0.0,1.0,2.0,1.0,1.0,0.0,0.0,1.0,0.0,1.0,0.0,0.0,0.0,0.0
100140440,2.0,2.0,2.0,3.0,2.0,3.0,2.0,2.0,2.0,1.0,1.0,2.0,2.0,3.0,1.0
100147366,1.0,1.0,2.0,0.0,0.0,0.0,1.0,0.0,0.0,0.0,0.0,2.0,1.0,0.0,0.0
100147586,2.0,2.0,2.0,2.0,2.0,3.0,2.0,1.0,1.0,1.0,1.0,2.0,2.0,2.0,0.0
100148106,0.0,0.0,0.0,0.0,0.0,0.0,0.0,0.0,0.0,0.0,0.0,0.0,0.0,1.0,0.0
100148814,1.0,0.0,0.0,0.0,1.0,2.0,0.0,0.0,0.0,0.0,1.0,1.0,0.0,1.0,0.0
100149640,2.0,2.0,2.0,2.0,3.0,3.0,2.0,2.0,2.0,1.0,1.0,2.0,2.0,3.0,1.0
100157295,0.0,0.0,1.0,0.0,1.0,1.0,0.0,0.0,1.0,0.0,0.0,0.0,0.0,0.0,0.0
100157793,2.0,3.0,1.0,2.0,1.0,3.0,2.0,2.0,0.0,0.0,0.0,1.0,2.0,1.0,0.0
100163612,2.0,2.0,2.0,3.0,1.0,2.0,1.0,2.0,1.0,1.0,1.0,2.0,2.0,1.0,0.0
100163788,2.0,2.0,2.0,3.0,2.0,3.0,2.0,2.0,2.0,1.0,1.0,2.0,2.0,3.0,1.0
100169021,1.0,2.0,2.0,3.0,2.0,3.0,2.0,2.0,1.0,1.0,1.0,2.0,2.0,3.0,1.0
100171245,2.0,2.0,2.0,3.0,0.0,3.0,2.0,2.0,2.0,1.0,1.0,2.0,1.0,3.0,1.0
100174183,0.0,1.0,2.0,1.0,1.0,0.0,0.0,1.0,0.0,0.0,1.0,0.0,0.0,0.0,1.0
100175891,2.0,2.0,2.0,3.0,1.0,4.0,2.0,2.0,2.0,1.0,1.0,2.0,2.0,3.0,1.0
100181926,2.0,2.0,2.0,3.0,2.0,3.0,2.0,2.0,2.0,1.0,1.0,2.0,2.0,3.0,1.0
100186422,2.0,1.0,0.0,2.0,2.0,3.0,2.0,2.0,2.0,1.0,1.0,2.0,2.0,3.0,1.0
100187516,0.0,1.0,1.0,0.0,0.0,0.0,0.0,0.0,0.0,0.0,0.0,0.0,0.0,0.0,0.0
100188436,0.0,0.0,1.0,1.0,1.0,0.0,1.0,1.0,0.0,0.0,0.0,0.0,0.0,0.0,0.0
100194734,1.0,2.0,1.0,1.0,2.0,1.0,0.0,0.0,0.0,1.0,0.0,0.0,0.0,0.0,0.0
100202501,2.0,2.0,1.0,1.0,1.0,0.0,1.0,1.0,0.0,0.0,0.0,2.0,2.0,3.0,1.0
100204025,1.0,1.0,1.0,2.0,0.0,2.0,1.0,0.0,2.0,0.0,0.0,0.0,0.0,0.0,0.0
100204755,2.0,2.0,2.0,3.0,2.0,3.0,2.0,2.0,2.0,1.0,1.0,2.0,2.0,3.0,1.0
100207839,0.0,1.0,0.0,0.0,0.0,0.0,0.0,0.0,0.0,0.0,0.0,0.0,0.0,1.0,0.0
100208389,1.0,0.0,1.0,0.0,0.0,2.0,2.0,1.0,1.0,0.0,1.0,1.0,2.0,2.0,1.0
100228828,1.0,0.0,2.0,1.0,2.0,2.0,1.0,1.0,1.0,1.0,2.0,1.0,1.0,1.0,1.0
100230156,0.0,0.0,0.0,0.0,1.0,3.0,2.0,1.0,2.0,0.0,0.0,2.0,1.0,1.0,1.0
100233318,1.0,0.0,0.0,0.0,0.0,0.0,1.0,0.0,0.0,0.0,0.0,1.0,0.0,0.0,1.0
100235623,2.0,2.0,2.0,3.0,2.0,3.0,2.0,2.0,2.0,1.0,1.0,2.0,2.0,3.0,1.0
100236033,2.0,1.0,0.0,0.0,0.0,1.0,1.0,1.0,0.0,0.0,0.0,0.0,0.0,1.0,0.0
100242269,1.0,2.0,2.0,3.0,2.0,3.0,2.0,1.0,0.0,0.0,1.0,1.0,0.0,1.0,0.0
100243993,2.0,2.0,2.0,3.0,2.0,3.0,2.0,2.0,2.0,1.0,1.0,2.0,2.0,3.0,1.0
100245243,2.0,2.0,1.0,2.0,2.0,2.0,1.0,0.0,1.0,0.0,0.0,0.0,2.0,2.0,0.0
100249031,1.0,0.0,2.0,2.0,2.0,4.0,2.0,2.0,2.0,1.0,1.0,2.0,2.0,3.0,1.0
100250971,1.0,1.0,2.0,1.0,2.0,3.0,2.0,1.0,1.0,1.0,1.0,1.0,2.0,2.0,1.0
100254225,2.0,2.0,2.0,3.0,1.0,3.0,1.0,2.0,2.0,1.0,1.0,1.0,2.0,2.0,0.0
100254561,2.0,1.0,2.0,2.0,2.0,2.0,2.0,1.0,2.0,1.0,1.0,3.0,2.0,3.0,1.0
100262572,0.0,2.0,1.0,0.0,1.0,0.0,1.0,0.0,0.0,0.0,0.0,1.0,0.0,1.0,0.0
100262824,0.0,0.0,0.0,0.0,0.0,0.0,0.0,2.0,1.0,1.0,1.0,2.0,2.0,3.0,1.0
100266150,1.0,2.0,2.0,3.0,2.0,3.0,2.0,2.0,2.0,1.0,1.0,2.0,2.0,3.0,1.0
100267258,1.0,3.0,1.0,3.0,2.0,2.0,2.0,1.0,0.0,1.0,1.0,1.0,2.0,2.0,0.0
100271696,0.0,0.0,0.0,0.0,0.0,0.0,0.0,0.0,0.0,0.0,0.0,0.0,0.0,1.0,0.0
100271856,2.0,2.0,2.0,3.0,2.0,3.0,2.0,2.0,2.0,1.0,1.0,2.0,2.0,3.0,1.0
100273220,0.0,1.0,1.0,0.0,1.0,2.0,0.0,0.0,1.0,0.0,1.0,0.0,1.0,0.0,0.0
100273308,2.0,2.0,2.0,2.0,2.0,3.0,2.0,2.0,2.0,1.0,1.0,2.0,2.0,3.0,1.0
100275450,2.0,1.0,1.0,3.0,2.0,2.0,2.0,0.0,1.0,1.0,0.0,1.0,0.0,1.0,0.0
100279064,1.0,0.0,0.0,2.0,3.0,3.0,0.0,1.0,2.0,1.0,1.0,2.0,2.0,3.0,1.0
100279256,1.0,2.0,1.0,0.0,0.0,1.0,2.0,2.0,2.0,1.0,1.0,1.0,3.0,3.0,1.0
100285742,2.0,1.0,2.0,3.0,2.0,2.0,2.0,1.0,1.0,0.0,1.0,2.0,1.0,2.0,1.0
100287316,2.0,2.0,2.0,3.0,1.0,2.0,1.0,1.0,1.0,1.0,1.0,1.0,2.0,3.0,0.0
100291864,2.0,2.0,2.0,2.0,2.0,3.0,1.0,1.0,1.0,1.0,1.0,2.0,1.0,2.0,1.0
100295668,2.0,2.0,2.0,3.0,2.0,3.0,2.0,2.0,1.0,1.0,1.0,2.0,2.0,3.0,1.0
100297620,1.0,2.0,2.0,2.0,2.0,1.0,1.0,2.0,2.0,1.0,1.0,1.0,2.0,2.0,0.0
100298374,2.0,2.0,2.0,3.0,2.0,3.0,2.0,2.0,1.0,1.0,1.0,2.0,2.0,1.0,0.0
100299896,2.0,2.0,1.0,2.0,0.0,3.0,1.0,0.0,0.0,1.0,1.0,1.0,0.0,1.0,0.0
100306616,2.0,2.0,2.0,3.0,2.0,3.0,2.0,2.0,2.0,1.0,1.0,2.0,2.0,3.0,1.0
100311458,2.0,0.0,1.0,3.0,1.0,2.0,2.0,2.0,2.0,0.0,1.0,2.0,2.0,3.0,1.0
100313852,0.0,1.0,1.0,3.0,0.0,0.0,0.0,0.0,0.0,0.0,0.0,0.0,0.0,0.0,0.0
100317510,2.0,1.0,2.0,2.0,3.0,3.0,1.0,2.0,2.0,1.0,1.0,2.0,2.0,0.0,0.0
100318366,0.0,0.0,0.0,0.0,0.0,0.0,0.0,0.0,0.0,0.0,0.0,0.0,1.0,0.0,0.0
100320076,0.0,2.0,2.0,3.0,1.0,0.0,0.0,2.0,2.0,0.0,1.0,2.0,1.0,2.0,1.0
100323960,2.0,2.0,1.0,2.0,2.0,3.0,2.0,2.0,2.0,1.0,1.0,2.0,2.0,3.0,1.0
100339264,2.0,2.0,2.0,3.0,2.0,3.0,1.0,2.0,2.0,1.0,1.0,2.0,2.0,3.0,1.0
100351571,2.0,2.0,2.0,2.0,2.0,3.0,2.0,2.0,1.0,1.0,1.0,2.0,2.0,3.0,1.0
100355391,2.0,2.0,2.0,3.0,2.0,3.0,2.0,2.0,2.0,1.0,1.0,1.0,2.0,3.0,0.0
100359359,0.0,0.0,0.0,0.0,0.0,1.0,0.0,0.0,1.0,0.0,0.0,2.0,0.0,1.0,0.0
100361399,2.0,2.0,1.0,0.0,0.0,0.0,2.0,0.0,0.0,0.0,1.0,0.0,1.0,2.0,1.0
100366483,2.0,2.0,2.0,3.0,2.0,3.0,2.0,2.0,2.0,1.0,1.0,2.0,2.0,3.0,1.0
100369649,0.0,2.0,2.0,2.0,1.0,3.0,2.0,1.0,2.0,1.0,1.0,2.0,2.0,2.0,0.0
100371775,0.0,1.0,1.0,2.0,2.0,2.0,1.0,0.0,1.0,1.0,1.0,2.0,1.0,3.0,0.0
100405468,0.0,1.0,0.0,0.0,0.0,0.0,0.0,0.0,0.0,0.0,0.0,1.0,0.0,0.0,0.0
100405473,0.0,1.0,1.0,2.0,1.0,1.0,0.0,1.0,1.0,0.0,0.0,2.0,1.0,0.0,1.0
100405502,0.0,0.0,0.0,0.0,0.0,0.0,0.0,0.0,0.0,0.0,0.0,0.0,0.0,3.0,1.0
100405581,0.0,0.0,0.0,0.0,0.0,0.0,1.0,2.0,2.0,1.0,1.0,2.0,2.0,3.0,1.0
100405674,0.0,0.0,0.0,0.0,0.0,1.0,0.0,1.0,0.0,1.0,0.0,1.0,1.0,1.0,0.0
100405719,1.0,0.0,0.0,0.0,0.0,0.0,0.0,0.0,0.0,1.0,0.0,0.0,0.0,2.0,0.0
100405811,0.0,0.0,0.0,2.0,2.0,3.0,2.0,2.0,2.0,1.0,1.0,2.0,2.0,3.0,1.0
100405845,1.0,1.0,0.0,0.0,0.0,0.0,0.0,0.0,0.0,0.0,1.0,1.0,1.0,0.0,0.0
100408493,0.0,0.0,0.0,0.0,0.0,0.0,2.0,2.0,2.0,1.0,1.0,2.0,2.0,3.0,1.0
100408571,0.0,0.0,0.0,0.0,0.0,0.0,0.0,0.0,0.0,0.0,0.0,0.0,0.0,1.0,1.0
100409038,2.0,2.0,2.0,3.0,2.0,3.0,1.0,2.0,2.0,1.0,1.0,2.0,1.0,0.0,0.0
100412557,0.0,0.0,0.0,0.0,0.0,0.0,0.0,0.0,0.0,0.0,0.0,0.0,0.0,1.0,1.0
100413273,0.0,0.0,0.0,0.0,0.0,0.0,0.0,2.0,2.0,1.0,1.0,1.0,2.0,3.0,1.0
100413312,2.0,1.0,2.0,3.0,2.0,3.0,2.0,2.0,2.0,1.0,1.0,2.0,2.0,3.0,1.0
100413459,1.0,1.0,2.0,2.0,3.0,1.0,2.0,0.0,2.0,1.0,1.0,1.0,2.0,2.0,0.0
100416103,2.0,2.0,2.0,2.0,2.0,2.0,2.0,1.0,2.0,1.0,1.0,2.0,1.0,3.0,1.0
100416118,2.0,2.0,2.0,3.0,2.0,3.0,2.0,2.0,2.0,1.0,1.0,2.0,2.0,2.0,0.0
100416447,2.0,0.0,2.0,2.0,0.0,1.0,1.0,2.0,1.0,0.0,0.0,0.0,0.0,0.0,0.0
100418085,0.0,0.0,0.0,0.0,0.0,0.0,0.0,0.0,0.0,0.0,0.0,1.0,2.0,3.0,1.0
100419063,0.0,1.0,0.0,0.0,0.0,0.0,0.0,0.0,0.0,0.0,0.0,1.0,0.0,0.0,0.0
100419722,2.0,2.0,2.0,3.0,2.0,3.0,2.0,2.0,2.0,1.0,1.0,2.0,2.0,3.0,1.0
100420173,0.0,0.0,0.0,1.0,2.0,3.0,1.0,2.0,2.0,1.0,1.0,1.0,2.0,3.0,1.0
100421524,0.0,0.0,0.0,1.0,1.0,2.0,2.0,2.0,2.0,0.0,0.0,1.0,1.0,2.0,0.0
100421803,0.0,0.0,0.0,0.0,0.0,0.0,1.0,0.0,1.0,1.0,0.0,2.0,1.0,0.0,1.0
100421908,0.0,0.0,0.0,0.0,0.0,2.0,0.0,0.0,0.0,0.0,1.0,1.0,0.0,1.0,2.0
100423035,2.0,2.0,0.0,0.0,0.0,0.0,0.0,0.0,0.0,0.0,0.0,0.0,0.0,0.0,0.0
100425731,0.0,2.0,0.0,0.0,0.0,0.0,0.0,1.0,1.0,0.0,0.0,0.0,0.0,0.0,0.0
100428407,2.0,2.0,2.0,3.0,2.0,1.0,1.0,0.0,0.0,1.0,1.0,1.0,1.0,2.0,0.0
100428495,1.0,2.0,2.0,2.0,0.0,4.0,1.0,2.0,1.0,0.0,1.0,2.0,2.0,1.0,0.0
100428666,0.0,0.0,0.0,0.0,0.0,0.0,0.0,0.0,0.0,0.0,0.0,0.0,0.0,2.0,0.0
100428870,0.0,0.0,0.0,0.0,0.0,0.0,0.0,0.0,0.0,0.0,0.0,0.0,1.0,2.0,0.0
100429079,0.0,0.0,0.0,0.0,0.0,0.0,0.0,0.0,0.0,0.0,0.0,1.0,0.0,0.0,0.0
100429467,1.0,1.0,1.0,0.0,1.0,0.0,1.0,0.0,1.0,0.0,0.0,1.0,0.0,2.0,0.0
100429858,1.0,1.0,1.0,1.0,1.0,4.0,1.0,1.0,2.0,1.0,1.0,2.0,2.0,3.0,0.0
100430032,2.0,2.0,2.0,3.0,1.0,2.0,1.0,2.0,2.0,1.0,1.0,2.0,1.0,3.0,0.0
100430077,0.0,0.0,0.0,0.0,2.0,1.0,1.0,1.0,0.0,0.0,0.0,0.0,1.0,0.0,1.0
100430132,0.0,0.0,0.0,0.0,0.0,0.0,0.0,0.0,0.0,0.0,1.0,2.0,2.0,3.0,1.0
100430182,2.0,2.0,2.0,3.0,2.0,2.0,2.0,2.0,2.0,1.0,1.0,2.0,2.0,3.0,1.0
100430509,0.0,1.0,1.0,3.0,0.0,2.0,2.0,2.0,2.0,1.0,1.0,2.0,2.0,1.0,1.0
100430692,2.0,2.0,2.0,3.0,2.0,3.0,2.0,2.0,1.0,1.0,1.0,2.0,2.0,3.0,1.0
100430742,0.0,0.0,0.0,0.0,0.0,0.0,0.0,0.0,1.0,0.0,0.0,0.0,0.0,0.0,0.0
100430850,3.0,2.0,2.0,3.0,2.0,3.0,2.0,2.0,2.0,1.0,1.0,2.0,2.0,3.0,1.0
100430885,0.0,0.0,0.0,1.0,0.0,0.0,0.0,0.0,0.0,0.0,0.0,0.0,0.0,1.0,0.0
100430919,1.0,2.0,1.0,1.0,0.0,4.0,1.0,2.0,1.0,0.0,1.0,2.0,1.0,1.0,0.0
100432267,0.0,0.0,0.0,0.0,0.0,1.0,2.0,1.0,2.0,1.0,1.0,1.0,0.0,2.0,0.0
100432788,2.0,2.0,1.0,3.0,1.0,3.0,2.0,2.0,2.0,1.0,1.0,1.0,1.0,3.0,1.0
100434177,3.0,2.0,0.0,3.0,1.0,4.0,2.0,2.0,2.0,1.0,1.0,2.0,2.0,2.0,1.0
100434356,0.0,0.0,0.0,0.0,0.0,0.0,0.0,0.0,1.0,1.0,0.0,2.0,1.0,1.0,1.0
100435566,0.0,0.0,0.0,0.0,1.0,0.0,0.0,0.0,1.0,0.0,0.0,0.0,0.0,1.0,0.0
100436034,0.0,0.0,0.0,0.0,0.0,0.0,0.0,0.0,0.0,0.0,0.0,0.0,0.0,1.0,0.0
100436080,0.0,0.0,0.0,0.0,0.0,0.0,0.0,0.0,0.0,0.0,0.0,0.0,1.0,2.0,0.0
100436478,1.0,2.0,2.0,3.0,1.0,3.0,2.0,2.0,2.0,1.0,1.0,2.0,2.0,3.0,1.0
100437223,0.0,0.0,0.0,0.0,0.0,0.0,0.0,0.0,0.0,0.0,0.0,0.0,1.0,3.0,1.0
100439143,3.0,2.0,2.0,3.0,1.0,4.0,1.0,2.0,0.0,0.0,0.0,0.0,0.0,0.0,0.0
100439720,2.0,2.0,1.0,1.0,0.0,1.0,2.0,2.0,2.0,1.0,1.0,0.0,1.0,2.0,1.0
100440668,0.0,0.0,0.0,1.0,1.0,3.0,2.0,2.0,1.0,1.0,1.0,2.0,2.0,3.0,0.0
100440827,0.0,0.0,0.0,0.0,0.0,0.0,0.0,2.0,2.0,1.0,1.0,2.0,2.0,3.0,1.0
100442814,2.0,0.0,1.0,2.0,2.0,2.0,1.0,2.0,2.0,1.0,1.0,2.0,2.0,1.0,0.0
100443288,2.0,2.0,2.0,3.0,2.0,3.0,2.0,2.0,2.0,1.0,1.0,2.0,2.0,3.0,1.0
100443796,0.0,0.0,0.0,0.0,0.0,0.0,0.0,0.0,0.0,0.0,0.0,0.0,1.0,2.0,0.0
100445256,2.0,2.0,2.0,3.0,2.0,3.0,2.0,1.0,0.0,1.0,1.0,2.0,0.0,3.0,0.0
100445901,0.0,0.0,0.0,0.0,0.0,0.0,2.0,1.0,1.0,1.0,1.0,1.0,1.0,0.0,0.0
100446800,0.0,0.0,0.0,1.0,2.0,3.0,2.0,2.0,2.0,1.0,1.0,2.0,2.0,2.0,0.0
100447334,0.0,0.0,1.0,0.0,1.0,4.0,2.0,2.0,2.0,1.0,1.0,1.0,2.0,3.0,1.0
100449717,1.0,0.0,0.0,1.0,0.0,1.0,0.0,0.0,0.0,0.0,0.0,0.0,2.0,3.0,1.0
100449883,0.0,0.0,0.0,0.0,0.0,0.0,0.0,0.0,0.0,0.0,0.0,2.0,1.0,3.0,1.0
100452800,0.0,0.0,0.0,0.0,0.0,0.0,0.0,0.0,2.0,0.0,1.0,0.0,1.0,2.0,0.0
100453332,2.0,3.0,2.0,3.0,2.0,3.0,2.0,2.0,2.0,1.0,1.0,3.0,2.0,3.0,1.0
100453444,1.0,0.0,2.0,1.0,0.0,0.0,0.0,0.0,0.0,0.0,0.0,0.0,0.0,1.0,0.0
100454572,0.0,0.0,0.0,1.0,1.0,3.0,2.0,1.0,1.0,1.0,1.0,2.0,2.0,3.0,1.0
100456074,0.0,0.0,0.0,0.0,0.0,0.0,0.0,0.0,0.0,0.0,0.0,0.0,1.0,2.0,0.0
100458163,0.0,1.0,0.0,1.0,0.0,1.0,1.0,1.0,1.0,0.0,0.0,1.0,1.0,1.0,0.0
100459283,0.0,0.0,0.0,0.0,0.0,1.0,0.0,0.0,0.0,0.0,0.0,0.0,1.0,0.0,1.0
100459794,0.0,1.0,0.0,0.0,0.0,0.0,0.0,0.0,0.0,0.0,0.0,1.0,0.0,0.0,0.0
100460935,2.0,2.0,2.0,3.0,2.0,3.0,2.0,2.0,2.0,1.0,1.0,2.0,2.0,3.0,0.0
100461409,2.0,1.0,2.0,3.0,1.0,4.0,2.0,2.0,1.0,1.0,0.0,3.0,2.0,3.0,1.0
100461563,0.0,0.0,0.0,0.0,0.0,0.0,0.0,0.0,0.0,0.0,0.0,0.0,0.0,1.0,0.0
100462333,0.0,0.0,0.0,0.0,0.0,0.0,0.0,0.0,0.0,0.0,0.0,0.0,0.0,1.0,1.0
100462724,0.0,0.0,0.0,0.0,0.0,0.0,0.0,0.0,0.0,0.0,0.0,0.0,0.0,0.0,1.0
100463756,0.0,0.0,2.0,2.0,0.0,4.0,1.0,1.0,1.0,1.0,1.0,0.0,2.0,1.0,0.0
100467088,0.0,0.0,0.0,0.0,0.0,0.0,0.0,0.0,0.0,0.0,0.0,0.0,1.0,0.0,1.0
100470923,2.0,1.0,2.0,2.0,2.0,2.0,0.0,1.0,1.0,0.0,1.0,1.0,1.0,3.0,0.0
100473615,0.0,0.0,0.0,0.0,0.0,0.0,0.0,0.0,0.0,0.0,0.0,0.0,0.0,3.0,1.0
100474433,2.0,1.0,1.0,3.0,2.0,3.0,2.0,2.0,2.0,1.0,1.0,1.0,1.0,3.0,1.0
100475571,0.0,0.0,0.0,3.0,2.0,3.0,2.0,1.0,2.0,1.0,1.0,2.0,0.0,3.0,1.0
100480748,0.0,0.0,0.0,0.0,0.0,0.0,0.0,0.0,0.0,0.0,0.0,1.0,2.0,3.0,1.0
100484108,1.0,0.0,0.0,0.0,0.0,2.0,1.0,2.0,1.0,1.0,1.0,1.0,2.0,3.0,1.0
100484731,0.0,1.0,1.0,2.0,0.0,1.0,0.0,0.0,0.0,0.0,0.0,1.0,0.0,1.0,0.0
100484983,0.0,0.0,0.0,0.0,2.0,2.0,2.0,2.0,2.0,1.0,0.0,0.0,0.0,0.0,0.0
100485473,0.0,0.0,0.0,0.0,0.0,0.0,0.0,0.0,0.0,0.0,0.0,1.0,2.0,3.0,1.0
100487714,2.0,2.0,2.0,2.0,1.0,4.0,2.0,2.0,2.0,0.0,1.0,1.0,2.0,3.0,1.0
100489238,0.0,0.0,0.0,1.0,2.0,3.0,2.0,1.0,2.0,1.0,1.0,1.0,2.0,3.0,1.0
100489612,0.0,0.0,0.0,0.0,0.0,0.0,0.0,0.0,0.0,0.0,0.0,1.0,0.0,0.0,0.0
100498267,0.0,0.0,0.0,0.0,0.0,0.0,0.0,2.0,1.0,0.0,1.0,2.0,0.0,2.0,1.0
100499824,0.0,0.0,0.0,0.0,0.0,0.0,0.0,0.0,0.0,0.0,1.0,2.0,2.0,3.0,1.0
100501962,0.0,0.0,0.0,0.0,1.0,2.0,0.0,1.0,1.0,0.0,0.0,0.0,0.0,2.0,0.0
100502893,2.0,2.0,2.0,3.0,2.0,3.0,2.0,2.0,2.0,1.0,1.0,2.0,2.0,2.0,1.0
100508649,2.0,2.0,1.0,1.0,0.0,2.0,1.0,2.0,2.0,1.0,1.0,2.0,1.0,3.0,2.0
100510876,0.0,0.0,0.0,0.0,0.0,0.0,0.0,1.0,2.0,1.0,1.0,2.0,2.0,3.0,1.0
100512882,2.0,2.0,2.0,3.0,2.0,3.0,2.0,2.0,2.0,1.0,1.0,3.0,2.0,2.0,1.0
100521035,0.0,0.0,0.0,0.0,0.0,0.0,0.0,0.0,0.0,0.0,0.0,2.0,2.0,3.0,1.0
100522092,0.0,0.0,0.0,0.0,0.0,0.0,0.0,0.0,1.0,1.0,0.0,1.0,2.0,1.0,1.0
100523998,0.0,0.0,0.0,0.0,0.0,0.0,0.0,0.0,0.0,0.0,0.0,1.0,0.0,0.0,0.0
100529925,2.0,2.0,2.0,3.0,2.0,3.0,1.0,2.0,1.0,1.0,1.0,2.0,0.0,3.0,1.0
100530909,0.0,0.0,0.0,0.0,0.0,0.0,0.0,0.0,0.0,1.0,0.0,1.0,1.0,1.0,1.0
100531875,2.0,2.0,1.0,2.0,2.0,3.0,2.0,2.0,2.0,1.0,1.0,2.0,2.0,2.0,0.0
100531984,2.0,2.0,2.0,3.0,2.0,3.0,2.0,2.0,2.0,1.0,1.0,1.0,0.0,0.0,0.0
100537893,0.0,0.0,0.0,0.0,0.0,0.0,0.0,0.0,0.0,0.0,0.0,0.0,1.0,3.0,1.0
100539495,0.0,0.0,0.0,0.0,0.0,0.0,0.0,0.0,0.0,0.0,0.0,0.0,0.0,1.0,1.0
100540885,0.0,0.0,0.0,0.0,0.0,0.0,0.0,0.0,1.0,1.0,1.0,2.0,2.0,3.0,1.0
100541781,0.0,2.0,2.0,3.0,2.0,3.0,2.0,2.0,2.0,1.0,1.0,2.0,2.0,3.0,1.0
100542169,2.0,1.0,2.0,3.0,2.0,3.0,2.0,2.0,2.0,1.0,1.0,2.0,2.0,3.0,0.0
100543121,0.0,1.0,0.0,2.0,1.0,3.0,2.0,1.0,1.0,1.0,1.0,1.0,2.0,2.0,0.0
100546305,0.0,0.0,0.0,0.0,0.0,0.0,0.0,0.0,0.0,0.0,0.0,0.0,0.0,2.0,0.0
100550436,0.0,0.0,0.0,1.0,1.0,1.0,1.0,1.0,1.0,0.0,1.0,2.0,1.0,0.0,0.0
100552059,0.0,0.0,0.0,0.0,2.0,3.0,2.0,2.0,2.0,1.0,1.0,2.0,2.0,3.0,0.0
100562365,0.0,0.0,0.0,0.0,0.0,0.0,0.0,0.0,0.0,0.0,1.0,2.0,2.0,3.0,1.0
100567102,0.0,0.0,0.0,0.0,2.0,1.0,0.0,2.0,1.0,1.0,1.0,2.0,1.0,2.0,1.0
100575767,2.0,2.0,2.0,3.0,2.0,3.0,2.0,2.0,2.0,1.0,1.0,2.0,2.0,3.0,1.0
100579867,0.0,0.0,0.0,0.0,0.0,0.0,1.0,0.0,1.0,1.0,1.0,1.0,2.0,1.0,1.0
100591222,0.0,0.0,0.0,0.0,0.0,0.0,0.0,0.0,0.0,0.0,0.0,0.0,1.0,3.0,1.0
100594913,0.0,0.0,0.0,0.0,0.0,0.0,0.0,2.0,2.0,1.0,1.0,2.0,2.0,3.0,1.0
100596115,0.0,0.0,1.0,2.0,1.0,3.0,0.0,0.0,1.0,0.0,0.0,0.0,2.0,0.0,0.0
100597194,0.0,0.0,1.0,2.0,2.0,3.0,2.0,1.0,0.0,0.0,1.0,2.0,0.0,2.0,2.0
100607274,0.0,0.0,0.0,0.0,0.0,0.0,0.0,0.0,0.0,0.0,0.0,0.0,0.0,1.0,0.0
100613783,0.0,0.0,0.0,2.0,1.0,2.0,1.0,1.0,0.0,1.0,1.0,2.0,1.0,0.0,0.0
100620095,0.0,0.0,0.0,0.0,1.0,2.0,2.0,2.0,1.0,1.0,1.0,2.0,1.0,0.0,0.0
100622042,0.0,0.0,0.0,2.0,0.0,2.0,1.0,1.0,1.0,1.0,1.0,2.0,1.0,1.0,0.0
100624979,1.0,2.0,1.0,2.0,2.0,3.0,1.0,2.0,2.0,1.0,1.0,2.0,1.0,2.0,1.0
100626320,0.0,0.0,0.0,0.0,2.0,3.0,2.0,2.0,2.0,1.0,1.0,2.0,2.0,2.0,0.0
100631461,0.0,0.0,1.0,0.0,0.0,0.0,0.0,3.0,2.0,1.0,1.0,2.0,2.0,3.0,0.0
100632398,0.0,0.0,0.0,0.0,0.0,1.0,2.0,2.0,2.0,1.0,1.0,2.0,2.0,3.0,1.0
100638386,0.0,0.0,0.0,0.0,0.0,0.0,0.0,0.0,0.0,0.0,1.0,1.0,0.0,0.0,0.0
100650339,1.0,2.0,2.0,2.0,2.0,1.0,0.0,1.0,0.0,1.0,1.0,1.0,2.0,1.0,2.0
100652520,0.0,0.0,0.0,0.0,0.0,0.0,0.0,0.0,0.0,0.0,1.0,1.0,1.0,2.0,0.0
100657018,0.0,0.0,0.0,0.0,0.0,0.0,0.0,0.0,0.0,0.0,0.0,0.0,0.0,1.0,0.0
100657161,0.0,0.0,0.0,0.0,0.0,0.0,0.0,0.0,0.0,0.0,0.0,0.0,1.0,1.0,0.0
100660687,0.0,0.0,0.0,1.0,1.0,3.0,0.0,1.0,0.0,0.0,0.0,0.0,0.0,1.0,1.0
100663061,0.0,0.0,0.0,0.0,0.0,0.0,0.0,1.0,2.0,1.0,1.0,2.0,2.0,3.0,0.0
100664235,0.0,0.0,0.0,0.0,0.0,0.0,0.0,0.0,0.0,0.0,0.0,0.0,0.0,2.0,1.0
100675048,0.0,0.0,0.0,0.0,0.0,0.0,1.0,1.0,0.0,0.0,1.0,2.0,2.0,3.0,0.0
100678621,0.0,1.0,0.0,0.0,0.0,0.0,0.0,0.0,0.0,0.0,0.0,1.0,0.0,0.0,0.0
100679012,0.0,0.0,0.0,0.0,0.0,0.0,0.0,0.0,0.0,0.0,0.0,1.0,0.0,1.0,0.0
100679201,0.0,0.0,0.0,0.0,0.0,0.0,0.0,0.0,0.0,0.0,0.0,0.0,0.0,1.0,0.0
100680362,0.0,0.0,0.0,0.0,0.0,0.0,0.0,0.0,0.0,0.0,1.0,0.0,0.0,1.0,0.0
100682695,0.0,0.0,0.0,0.0,0.0,0.0,0.0,0.0,0.0,0.0,0.0,0.0,0.0,0.0,1.0
100686291,2.0,2.0,2.0,3.0,2.0,3.0,2.0,2.0,2.0,1.0,1.0,2.0,2.0,3.0,1.0
100708976,0.0,1.0,2.0,1.0,2.0,3.0,2.0,2.0,2.0,1.0,1.0,1.0,2.0,3.0,1.0
100725703,0.0,0.0,0.0,0.0,0.0,0.0,1.0,1.0,0.0,0.0,0.0,2.0,1.0,1.0,0.0
100731195,0.0,0.0,0.0,2.0,1.0,3.0,2.0,1.0,2.0,1.0,1.0,2.0,0.0,3.0,0.0
100731210,0.0,0.0,0.0,0.0,0.0,0.0,0.0,0.0,2.0,1.0,1.0,2.0,2.0,3.0,1.0
100738611,0.0,0.0,0.0,0.0,0.0,0.0,2.0,1.0,1.0,1.0,1.0,2.0,2.0,3.0,1.0
100738961,0.0,1.0,1.0,1.0,0.0,1.0,0.0,0.0,1.0,0.0,0.0,0.0,1.0,1.0,2.0
100743162,0.0,0.0,0.0,0.0,0.0,0.0,0.0,0.0,0.0,0.0,0.0,0.0,0.0,2.0,1.0
100746702,0.0,0.0,0.0,0.0,0.0,0.0,0.0,0.0,0.0,0.0,0.0,1.0,0.0,1.0,0.0
100747798,2.0,0.0,0.0,2.0,1.0,1.0,1.0,1.0,0.0,1.0,1.0,1.0,1.0,1.0,1.0
100755526,2.0,1.0,2.0,3.0,2.0,3.0,1.0,2.0,1.0,1.0,1.0,2.0,2.0,3.0,1.0
100757249,0.0,0.0,0.0,0.0,0.0,0.0,0.0,0.0,0.0,0.0,0.0,2.0,2.0,3.0,1.0
100770011,0.0,0.0,0.0,0.0,0.0,0.0,0.0,0.0,0.0,0.0,0.0,1.0,1.0,1.0,0.0
100772903,0.0,0.0,0.0,0.0,0.0,2.0,2.0,2.0,0.0,0.0,1.0,1.0,2.0,1.0,0.0
100794122,0.0,1.0,0.0,0.0,0.0,0.0,0.0,0.0,0.0,0.0,0.0,0.0,0.0,0.0,0.0
100796462,0.0,0.0,0.0,0.0,0.0,0.0,0.0,0.0,0.0,0.0,0.0,0.0,0.0,0.0,1.0
100797059,0.0,1.0,2.0,3.0,2.0,3.0,1.0,2.0,2.0,1.0,1.0,1.0,2.0,3.0,1.0
100797426,0.0,1.0,0.0,1.0,0.0,1.0,1.0,1.0,0.0,0.0,0.0,2.0,1.0,1.0,0.0
100809897,0.0,0.0,0.0,0.0,0.0,0.0,0.0,0.0,0.0,0.0,0.0,0.0,0.0,1.0,1.0
100812058,0.0,0.0,0.0,0.0,0.0,0.0,0.0,0.0,0.0,0.0,0.0,0.0,1.0,3.0,1.0
100829670,0.0,0.0,0.0,0.0,0.0,0.0,1.0,0.0,0.0,0.0,0.0,0.0,0.0,1.0,0.0
100832362,0.0,0.0,0.0,0.0,0.0,0.0,0.0,0.0,0.0,0.0,1.0,0.0,0.0,0.0,0.0
100833603,1.0,1.0,2.0,3.0,2.0,3.0,2.0,2.0,2.0,1.0,1.0,2.0,2.0,3.0,1.0
100843592,0.0,0.0,0.0,0.0,0.0,0.0,0.0,0.0,0.0,0.0,0.0,1.0,0.0,0.0,0.0
100845839,0.0,0.0,0.0,0.0,0.0,0.0,0.0,0.0,0.0,0.0,0.0,2.0,1.0,1.0,1.0
100847432,2.0,2.0,2.0,3.0,2.0,3.0,2.0,2.0,2.0,1.0,1.0,2.0,2.0,3.0,1.0
100851965,2.0,2.0,2.0,2.0,3.0,2.0,2.0,2.0,2.0,1.0,1.0,2.0,2.0,2.0,1.0
100863290,1.0,2.0,1.0,3.0,2.0,3.0,1.0,2.0,2.0,1.0,1.0,2.0,2.0,3.0,1.0
100864634,0.0,0.0,0.0,0.0,0.0,0.0,0.0,0.0,0.0,0.0,0.0,0.0,0.0,3.0,0.0
100869271,0.0,0.0,1.0,0.0,1.0,1.0,0.0,1.0,0.0,0.0,0.0,0.0,0.0,0.0,0.0
100877203,1.0,1.0,2.0,1.0,1.0,2.0,1.0,0.0,2.0,1.0,0.0,1.0,1.0,1.0,0.0
100877840,0.0,0.0,0.0,0.0,0.0,0.0,0.0,0.0,0.0,0.0,0.0,0.0,0.0,1.0,1.0
100882040,0.0,0.0,0.0,0.0,0.0,0.0,0.0,0.0,0.0,0.0,0.0,2.0,1.0,0.0,0.0
100890827,2.0,1.0,2.0,2.0,3.0,3.0,2.0,2.0,2.0,1.0,1.0,2.0,2.0,3.0,0.0
100897798,0.0,0.0,0.0,0.0,0.0,0.0,0.0,0.0,0.0,0.0,0.0,0.0,0.0,0.0,1.0
100898542,0.0,0.0,0.0,0.0,0.0,0.0,0.0,0.0,0.0,0.0,0.0,0.0,0.0,2.0,1.0
100902745,0.0,0.0,0.0,0.0,2.0,0.0,2.0,1.0,0.0,0.0,1.0,2.0,1.0,0.0,0.0
100902977,0.0,0.0,1.0,0.0,0.0,0.0,0.0,0.0,0.0,0.0,0.0,1.0,2.0,0.0,0.0
100905856,0.0,0.0,1.0,3.0,1.0,3.0,1.0,0.0,0.0,0.0,1.0,1.0,0.0,1.0,0.0
100911573,0.0,0.0,0.0,1.0,3.0,1.0,0.0,0.0,0.0,0.0,0.0,0.0,0.0,0.0,0.0
100918357,0.0,0.0,0.0,1.0,2.0,3.0,2.0,2.0,2.0,1.0,1.0,2.0,2.0,3.0,1.0
100919210,0.0,0.0,0.0,0.0,0.0,0.0,2.0,1.0,0.0,0.0,1.0,2.0,1.0,4.0,1.0
100924719,0.0,0.0,0.0,0.0,0.0,0.0,0.0,0.0,0.0,0.0,0.0,0.0,2.0,3.0,1.0
100928451,1.0,0.0,1.0,2.0,1.0,1.0,1.0,1.0,1.0,0.0,1.0,1.0,1.0,2.0,0.0
100933721,0.0,0.0,0.0,0.0,0.0,0.0,0.0,0.0,0.0,0.0,0.0,0.0,0.0,0.0,1.0
100937435,0.0,0.0,0.0,0.0,0.0,0.0,0.0,0.0,1.0,0.0,0.0,1.0,0.0,0.0,0.0
100941879,0.0,0.0,0.0,1.0,1.0,4.0,2.0,2.0,2.0,1.0,1.0,2.0,2.0,2.0,1.0
100948550,0.0,1.0,2.0,3.0,2.0,1.0,1.0,1.0,1.0,0.0,0.0,1.0,0.0,2.0,0.0
100950119,1.0,2.0,1.0,2.0,1.0,0.0,2.0,1.0,0.0,0.0,0.0,1.0,1.0,2.0,0.0
100971718,0.0,0.0,0.0,0.0,0.0,0.0,0.0,0.0,0.0,0.0,0.0,0.0,1.0,3.0,1.0
100974152,0.0,0.0,0.0,0.0,0.0,0.0,0.0,0.0,0.0,0.0,1.0,2.0,2.0,3.0,1.0
100977646,2.0,2.0,2.0,2.0,3.0,3.0,2.0,2.0,2.0,1.0,1.0,2.0,2.0,3.0,1.0
100984913,0.0,0.0,0.0,0.0,0.0,0.0,0.0,0.0,0.0,0.0,0.0,0.0,0.0,0.0,1.0
100996605,1.0,2.0,2.0,3.0,2.0,3.0,2.0,2.0,1.0,1.0,1.0,2.0,2.0,3.0,0.0
100997457,0.0,0.0,0.0,0.0,0.0,0.0,0.0,0.0,0.0,0.0,1.0,0.0,1.0,0.0,0.0
101002929,0.0,0.0,0.0,0.0,0.0,0.0,0.0,0.0,0.0,0.0,0.0,0.0,0.0,1.0,0.0
101005717,0.0,0.0,0.0,0.0,0.0,0.0,0.0,0.0,0.0,0.0,0.0,0.0,0.0,1.0,0.0
101008365,0.0,0.0,0.0,0.0,0.0,0.0,0.0,0.0,0.0,0.0,1.0,1.0,2.0,2.0,1.0
101009005,1.0,0.0,2.0,2.0,2.0,3.0,2.0,0.0,2.0,1.0,1.0,2.0,2.0,2.0,1.0
101010986,0.0,0.0,0.0,0.0,0.0,2.0,0.0,0.0,0.0,0.0,1.0,1.0,0.0,0.0,0.0
101019889,0.0,0.0,0.0,0.0,0.0,0.0,0.0,0.0,0.0,0.0,0.0,0.0,0.0,1.0,1.0
101039327,0.0,1.0,0.0,2.0,1.0,2.0,1.0,0.0,0.0,0.0,0.0,0.0,1.0,2.0,0.0
101041531,0.0,0.0,0.0,0.0,0.0,0.0,0.0,0.0,0.0,0.0,0.0,0.0,0.0,3.0,1.0
101042326,2.0,0.0,2.0,1.0,3.0,3.0,2.0,2.0,2.0,1.0,1.0,2.0,2.0,3.0,1.0
101051622,0.0,2.0,1.0,0.0,0.0,0.0,0.0,0.0,0.0,0.0,0.0,0.0,0.0,0.0,0.0
101053191,2.0,2.0,1.0,1.0,1.0,0.0,0.0,1.0,1.0,0.0,1.0,1.0,0.0,1.0,0.0
101053876,0.0,0.0,0.0,0.0,0.0,0.0,0.0,0.0,0.0,0.0,1.0,1.0,2.0,2.0,0.0
101062329,0.0,0.0,0.0,0.0,0.0,0.0,0.0,2.0,2.0,1.0,1.0,1.0,2.0,3.0,0.0
101062629,0.0,0.0,0.0,0.0,0.0,0.0,0.0,0.0,0.0,0.0,0.0,0.0,0.0,1.0,1.0
101063244,0.0,0.0,0.0,0.0,0.0,0.0,0.0,0.0,0.0,0.0,0.0,1.0,2.0,3.0,1.0
101065969,0.0,0.0,0.0,0.0,0.0,0.0,0.0,0.0,0.0,0.0,0.0,0.0,0.0,3.0,1.0
101070386,0.0,0.0,0.0,0.0,0.0,0.0,0.0,1.0,0.0,0.0,0.0,0.0,1.0,2.0,1.0
101081635,0.0,0.0,0.0,0.0,0.0,0.0,0.0,0.0,0.0,0.0,0.0,0.0,2.0,3.0,1.0
101084118,0.0,1.0,0.0,0.0,0.0,0.0,0.0,0.0,0.0,0.0,0.0,1.0,0.0,0.0,0.0
101090430,1.0,1.0,1.0,2.0,2.0,3.0,2.0,2.0,2.0,1.0,1.0,1.0,1.0,2.0,0.0
101100574,0.0,0.0,0.0,0.0,0.0,0.0,0.0,0.0,0.0,0.0,0.0,0.0,0.0,2.0,1.0
101100654,0.0,1.0,0.0,0.0,0.0,0.0,0.0,0.0,0.0,0.0,0.0,0.0,0.0,0.0,0.0
101103477,0.0,0.0,0.0,0.0,0.0,0.0,0.0,0.0,1.0,1.0,1.0,2.0,2.0,3.0,1.0
101106777,0.0,0.0,0.0,0.0,0.0,0.0,0.0,0.0,0.0,0.0,0.0,0.0,0.0,1.0,0.0
101108469,2.0,2.0,1.0,0.0,0.0,0.0,1.0,1.0,0.0,0.0,0.0,1.0,0.0,0.0,0.0
101111501,0.0,0.0,0.0,0.0,0.0,0.0,0.0,0.0,1.0,1.0,0.0,3.0,2.0,3.0,1.0
101115508,0.0,0.0,0.0,2.0,2.0,3.0,2.0,2.0,1.0,1.0,1.0,2.0,2.0,3.0,1.0
101118815,2.0,2.0,2.0,3.0,2.0,3.0,2.0,2.0,2.0,1.0,1.0,2.0,2.0,3.0,1.0
101124668,1.0,2.0,2.0,3.0,0.0,3.0,2.0,2.0,0.0,0.0,1.0,1.0,1.0,3.0,1.0
101128266,0.0,0.0,0.0,0.0,0.0,0.0,0.0,0.0,0.0,0.0,1.0,2.0,2.0,2.0,1.0
101128987,0.0,1.0,1.0,3.0,2.0,1.0,1.0,0.0,1.0,0.0,1.0,1.0,1.0,2.0,1.0
101129789,0.0,0.0,0.0,0.0,0.0,0.0,1.0,0.0,0.0,0.0,0.0,0.0,0.0,2.0,0.0
101134136,0.0,1.0,2.0,3.0,2.0,3.0,2.0,2.0,2.0,1.0,1.0,2.0,2.0,3.0,1.0
101136699,0.0,0.0,0.0,0.0,0.0,0.0,0.0,0.0,0.0,0.0,0.0,0.0,0.0,0.0,1.0
101137507,0.0,0.0,0.0,0.0,0.0,0.0,0.0,0.0,0.0,0.0,0.0,0.0,0.0,2.0,0.0
101138330,0.0,0.0,0.0,0.0,0.0,0.0,0.0,0.0,0.0,0.0,0.0,1.0,2.0,2.0,1.0
101147426,0.0,0.0,0.0,0.0,0.0,0.0,0.0,0.0,0.0,0.0,0.0,0.0,0.0,2.0,0.0
101148498,2.0,2.0,2.0,2.0,0.0,2.0,2.0,1.0,1.0,0.0,0.0,3.0,1.0,1.0,1.0
101149442,1.0,1.0,1.0,2.0,0.0,0.0,0.0,1.0,0.0,0.0,0.0,0.0,0.0,2.0,0.0
101150194,0.0,1.0,0.0,0.0,0.0,0.0,0.0,0.0,0.0,0.0,0.0,0.0,0.0,0.0,0.0
101155576,2.0,0.0,2.0,1.0,0.0,1.0,1.0,0.0,2.0,1.0,0.0,0.0,1.0,1.0,0.0
101163900,0.0,0.0,0.0,0.0,0.0,0.0,0.0,0.0,1.0,0.0,0.0,1.0,1.0,0.0,0.0
101174231,1.0,1.0,2.0,2.0,0.0,2.0,0.0,0.0,0.0,0.0,0.0,2.0,0.0,0.0,0.0
101176084,0.0,0.0,0.0,0.0,0.0,0.0,0.0,0.0,1.0,0.0,0.0,1.0,0.0,0.0,0.0
101180653,0.0,1.0,2.0,3.0,2.0,3.0,2.0,2.0,2.0,1.0,1.0,2.0,2.0,3.0,1.0
101181599,0.0,0.0,0.0,0.0,0.0,0.0,0.0,0.0,0.0,0.0,0.0,0.0,1.0,0.0,0.0
101191721,3.0,1.0,1.0,2.0,2.0,3.0,2.0,1.0,0.0,1.0,1.0,1.0,2.0,0.0,0.0
101199017,0.0,0.0,0.0,0.0,0.0,0.0,0.0,0.0,0.0,0.0,0.0,0.0,2.0,1.0,0.0
101202141,1.0,0.0,2.0,2.0,2.0,3.0,2.0,2.0,2.0,1.0,1.0,2.0,1.0,2.0,1.0
101204027,2.0,2.0,2.0,3.0,2.0,3.0,2.0,2.0,2.0,1.0,1.0,2.0,2.0,3.0,1.0
101204238,2.0,2.0,2.0,3.0,2.0,3.0,2.0,2.0,2.0,1.0,1.0,2.0,2.0,3.0,1.0
101205461,2.0,2.0,2.0,3.0,2.0,3.0,2.0,2.0,2.0,1.0,1.0,2.0,2.0,3.0,1.0
101209057,0.0,0.0,0.0,0.0,0.0,0.0,0.0,0.0,0.0,0.0,0.0,1.0,2.0,3.0,1.0
101211937,0.0,0.0,0.0,0.0,0.0,0.0,0.0,0.0,1.0,0.0,0.0,0.0,0.0,2.0,0.0
101214064,0.0,0.0,0.0,0.0,0.0,0.0,0.0,0.0,0.0,0.0,0.0,0.0,0.0,0.0,1.0
101221312,0.0,0.0,0.0,0.0,0.0,0.0,0.0,0.0,0.0,0.0,0.0,0.0,0.0,3.0,1.0
101227961,0.0,0.0,0.0,0.0,1.0,0.0,0.0,0.0,0.0,0.0,0.0,0.0,2.0,1.0,0.0
101237696,0.0,0.0,0.0,0.0,0.0,0.0,0.0,0.0,0.0,0.0,0.0,0.0,2.0,0.0,0.0
101247755,0.0,0.0,0.0,0.0,0.0,0.0,0.0,0.0,0.0,0.0,0.0,0.0,0.0,2.0,1.0
101247965,0.0,0.0,1.0,2.0,3.0,3.0,2.0,2.0,2.0,1.0,1.0,2.0,2.0,3.0,1.0
101250814,3.0,2.0,1.0,2.0,0.0,2.0,1.0,3.0,0.0,0.0,1.0,0.0,0.0,0.0,0.0
101253103,0.0,1.0,1.0,1.0,2.0,3.0,0.0,1.0,2.0,0.0,1.0,0.0,0.0,1.0,0.0
101257442,1.0,0.0,0.0,0.0,0.0,1.0,0.0,0.0,0.0,0.0,0.0,0.0,0.0,2.0,1.0
101258141,0.0,0.0,1.0,1.0,1.0,4.0,2.0,1.0,2.0,1.0,0.0,2.0,2.0,3.0,1.0
101262156,0.0,0.0,0.0,0.0,0.0,0.0,0.0,0.0,0.0,0.0,0.0,1.0,2.0,3.0,1.0
101262921,1.0,1.0,1.0,2.0,1.0,3.0,2.0,2.0,2.0,1.0,1.0,2.0,2.0,3.0,1.0
101263982,2.0,1.0,1.0,3.0,2.0,4.0,2.0,2.0,2.0,1.0,0.0,2.0,0.0,2.0,0.0
101268033,0.0,0.0,0.0,0.0,0.0,0.0,1.0,0.0,0.0,0.0,0.0,0.0,0.0,0.0,0.0
101269669,1.0,2.0,2.0,1.0,1.0,3.0,2.0,2.0,2.0,1.0,1.0,2.0,2.0,3.0,1.0
101270467,2.0,2.0,2.0,3.0,2.0,3.0,2.0,2.0,2.0,1.0,1.0,2.0,2.0,3.0,1.0
101274270,0.0,0.0,0.0,0.0,0.0,0.0,0.0,1.0,2.0,1.0,1.0,2.0,2.0,3.0,1.0
101274557,3.0,2.0,2.0,3.0,1.0,4.0,2.0,2.0,2.0,1.0,1.0,2.0,2.0,3.0,1.0
101274711,0.0,0.0,0.0,0.0,0.0,0.0,0.0,1.0,1.0,0.0,1.0,1.0,1.0,0.0,0.0
101276818,0.0,0.0,0.0,0.0,0.0,2.0,0.0,1.0,0.0,0.0,0.0,1.0,0.0,1.0,0.0
101276923,0.0,0.0,0.0,0.0,0.0,0.0,0.0,0.0,0.0,0.0,0.0,1.0,1.0,1.0,0.0
101284236,0.0,0.0,0.0,0.0,0.0,0.0,0.0,0.0,0.0,0.0,0.0,0.0,2.0,1.0,0.0
101288007,0.0,1.0,0.0,0.0,0.0,0.0,0.0,0.0,0.0,0.0,0.0,1.0,0.0,0.0,0.0
101288962,1.0,1.0,0.0,0.0,0.0,0.0,0.0,0.0,0.0,0.0,0.0,0.0,0.0,1.0,0.0
101291497,0.0,0.0,0.0,0.0,0.0,0.0,0.0,0.0,0.0,0.0,0.0,1.0,0.0,0.0,0.0
101291980,0.0,0.0,0.0,0.0,0.0,0.0,0.0,0.0,0.0,0.0,0.0,0.0,0.0,2.0,1.0
101294192,0.0,0.0,0.0,0.0,0.0,0.0,0.0,2.0,1.0,0.0,1.0,2.0,0.0,1.0,1.0
101296597,0.0,0.0,0.0,0.0,0.0,0.0,0.0,0.0,0.0,0.0,0.0,0.0,1.0,3.0,1.0
101296607,2.0,1.0,1.0,1.0,1.0,0.0,0.0,1.0,2.0,1.0,1.0,3.0,2.0,3.0,1.0
101297702,0.0,0.0,0.0,0.0,0.0,0.0,0.0,0.0,0.0,0.0,0.0,0.0,0.0,1.0,2.0
101299126,1.0,0.0,0.0,0.0,2.0,2.0,0.0,1.0,0.0,0.0,0.0,0.0,0.0,0.0,0.0
101301073,1.0,0.0,1.0,2.0,0.0,2.0,1.0,1.0,0.0,1.0,1.0,1.0,2.0,1.0,0.0
101301992,2.0,2.0,2.0,3.0,2.0,3.0,2.0,2.0,2.0,1.0,1.0,2.0,2.0,3.0,1.0
101302704,2.0,2.0,1.0,8.0,1.0,4.0,2.0,2.0,1.0,1.0,0.0,2.0,1.0,3.0,0.0
101306185,0.0,0.0,1.0,0.0,0.0,0.0,0.0,0.0,1.0,0.0,0.0,0.0,0.0,0.0,0.0
101306767,0.0,0.0,0.0,0.0,0.0,0.0,0.0,0.0,0.0,0.0,0.0,0.0,1.0,3.0,1.0
101309176,0.0,0.0,0.0,1.0,2.0,2.0,2.0,2.0,1.0,1.0,1.0,2.0,2.0,3.0,0.0
101313360,2.0,2.0,0.0,0.0,0.0,0.0,0.0,0.0,0.0,0.0,0.0,0.0,0.0,0.0,0.0
101313641,2.0,0.0,0.0,0.0,0.0,0.0,0.0,0.0,0.0,0.0,0.0,0.0,0.0,0.0,0.0
101314413,0.0,0.0,0.0,0.0,1.0,3.0,2.0,2.0,2.0,1.0,1.0,2.0,2.0,3.0,1.0
101317478,0.0,0.0,0.0,1.0,1.0,3.0,2.0,2.0,2.0,1.0,1.0,1.0,2.0,2.0,0.0
101320847,0.0,0.0,0.0,0.0,0.0,0.0,0.0,0.0,0.0,0.0,0.0,2.0,1.0,3.0,0.0
101321145,0.0,0.0,0.0,0.0,0.0,0.0,0.0,0.0,0.0,0.0,0.0,0.0,0.0,1.0,1.0
101322264,0.0,0.0,0.0,0.0,0.0,1.0,2.0,2.0,1.0,1.0,1.0,2.0,2.0,2.0,0.0
101322728,0.0,0.0,0.0,0.0,0.0,0.0,0.0,1.0,1.0,0.0,0.0,0.0,0.0,0.0,0.0
101323408,1.0,2.0,1.0,2.0,1.0,0.0,2.0,2.0,2.0,1.0,0.0,1.0,2.0,2.0,0.0
101324701,0.0,0.0,0.0,0.0,0.0,0.0,0.0,0.0,0.0,0.0,0.0,0.0,0.0,1.0,0.0
101327148,0.0,0.0,0.0,0.0,0.0,0.0,0.0,0.0,0.0,0.0,0.0,0.0,0.0,0.0,1.0
101329434,0.0,0.0,0.0,0.0,0.0,0.0,0.0,0.0,0.0,0.0,0.0,0.0,0.0,0.0,1.0
101334210,0.0,0.0,0.0,0.0,0.0,0.0,0.0,0.0,0.0,0.0,1.0,0.0,1.0,1.0,0.0
101335353,1.0,1.0,1.0,3.0,2.0,3.0,2.0,2.0,2.0,1.0,1.0,2.0,2.0,3.0,1.0
101337136,1.0,2.0,2.0,2.0,1.0,1.0,0.0,1.0,1.0,0.0,0.0,1.0,0.0,0.0,0.0
101339280,0.0,2.0,1.0,1.0,0.0,0.0,0.0,1.0,1.0,0.0,1.0,1.0,0.0,0.0,0.0
101343017,0.0,0.0,0.0,0.0,0.0,0.0,0.0,0.0,0.0,0.0,0.0,0.0,0.0,0.0,1.0
101343421,2.0,1.0,0.0,5.0,1.0,3.0,3.0,2.0,1.0,0.0,0.0,0.0,0.0,1.0,0.0
101344283,0.0,0.0,1.0,1.0,1.0,0.0,0.0,1.0,0.0,0.0,0.0,0.0,0.0,0.0,1.0
101344425,0.0,0.0,0.0,0.0,0.0,0.0,0.0,0.0,0.0,1.0,1.0,0.0,1.0,0.0,0.0
101344809,0.0,0.0,0.0,0.0,0.0,0.0,0.0,0.0,2.0,0.0,1.0,1.0,1.0,3.0,1.0
101347187,0.0,0.0,0.0,0.0,0.0,0.0,0.0,0.0,0.0,0.0,1.0,1.0,2.0,0.0,0.0
101347682,1.0,0.0,1.0,1.0,0.0,0.0,1.0,1.0,0.0,0.0,0.0,0.0,1.0,2.0,0.0
101348707,0.0,0.0,0.0,0.0,0.0,0.0,0.0,0.0,0.0,0.0,1.0,2.0,2.0,3.0,1.0
101349643,0.0,2.0,2.0,3.0,2.0,2.0,2.0,2.0,2.0,1.0,1.0,2.0,2.0,3.0,1.0
101350876,2.0,2.0,2.0,2.0,2.0,4.0,2.0,2.0,2.0,1.0,1.0,2.0,2.0,3.0,1.0
101352498,0.0,0.0,0.0,0.0,0.0,1.0,2.0,2.0,2.0,1.0,1.0,2.0,2.0,3.0,1.0
101353809,0.0,0.0,0.0,0.0,0.0,1.0,0.0,1.0,1.0,0.0,1.0,0.0,1.0,1.0,0.0
101798999,0.0,0.0,0.0,0.0,0.0,0.0,0.0,0.0,0.0,0.0,1.0,2.0,2.0,2.0,0.0
101839550,0.0,0.0,0.0,0.0,0.0,0.0,0.0,0.0,1.0,0.0,1.0,1.0,2.0,1.0,0.0
101845270,0.0,0.0,0.0,1.0,0.0,0.0,1.0,0.0,0.0,0.0,0.0,0.0,0.0,2.0,0.0
107204595,0.0,0.0,0.0,0.0,0.0,0.0,0.0,0.0,1.0,0.0,0.0,0.0,0.0,0.0,0.0
107205052,2.0,2.0,2.0,1.0,2.0,3.0,2.0,1.0,1.0,1.0,1.0,2.0,2.0,2.0,1.0
107205231,2.0,2.0,1.0,3.0,2.0,2.0,2.0,2.0,1.0,1.0,1.0,2.0,2.0,3.0,1.0
107205615,2.0,2.0,2.0,3.0,2.0,3.0,2.0,2.0,2.0,1.0,1.0,2.0,2.0,3.0,1.0
107205664,1.0,3.0,2.0,1.0,1.0,1.0,1.0,2.0,1.0,0.0,0.0,1.0,2.0,1.0,0.0
107205689,2.0,2.0,2.0,3.0,2.0,3.0,2.0,2.0,2.0,1.0,1.0,2.0,2.0,3.0,1.0
107206080,2.0,1.0,1.0,0.0,1.0,3.0,2.0,0.0,1.0,1.0,0.0,1.0,0.0,3.0,1.0
107206258,0.0,1.0,0.0,0.0,0.0,0.0,0.0,0.0,0.0,0.0,0.0,1.0,0.0,0.0,0.0
107206263,1.0,2.0,1.0,0.0,2.0,0.0,1.0,2.0,1.0,1.0,1.0,1.0,2.0,2.0,1.0
107206333,2.0,1.0,2.0,3.0,1.0,3.0,1.0,1.0,1.0,0.0,0.0,1.0,1.0,1.0,0.0
107206412,2.0,2.0,2.0,3.0,2.0,3.0,2.0,2.0,2.0,1.0,1.0,2.0,2.0,3.0,1.0
107206506,0.0,1.0,0.0,0.0,1.0,0.0,0.0,1.0,0.0,0.0,0.0,1.0,0.0,0.0,0.0
107206586,2.0,2.0,2.0,3.0,2.0,3.0,2.0,2.0,2.0,1.0,1.0,2.0,2.0,3.0,1.0
107206730,1.0,0.0,1.0,2.0,0.0,3.0,1.0,0.0,1.0,1.0,1.0,2.0,1.0,1.0,0.0
107206785,0.0,2.0,2.0,3.0,1.0,2.0,2.0,0.0,2.0,1.0,0.0,2.0,0.0,2.0,0.0
107206810,2.0,2.0,2.0,3.0,2.0,3.0,2.0,2.0,2.0,1.0,1.0,2.0,2.0,3.0,1.0
107206974,2.0,1.0,2.0,3.0,2.0,2.0,2.0,2.0,2.0,1.0,1.0,2.0,2.0,3.0,1.0
107207237,0.0,0.0,0.0,0.0,0.0,0.0,2.0,2.0,2.0,1.0,1.0,2.0,1.0,0.0,1.0
107207406,2.0,1.0,2.0,3.0,1.0,3.0,1.0,1.0,2.0,1.0,1.0,2.0,0.0,3.0,1.0
107207451,2.0,2.0,2.0,1.0,1.0,2.0,1.0,2.0,1.0,1.0,1.0,0.0,1.0,2.0,1.0
107207486,0.0,0.0,0.0,0.0,0.0,1.0,0.0,1.0,1.0,1.0,0.0,2.0,0.0,1.0,0.0
107207691,1.0,1.0,5.0,3.0,1.0,4.0,2.0,2.0,2.0,1.0,1.0,0.0,1.0,0.0,0.0
107207696,0.0,1.0,2.0,3.0,2.0,3.0,2.0,2.0,2.0,1.0,1.0,2.0,2.0,3.0,1.0
107207751,1.0,2.0,1.0,1.0,1.0,0.0,2.0,0.0,1.0,0.0,1.0,2.0,2.0,2.0,0.0
107207914,1.0,1.0,0.0,0.0,0.0,0.0,0.0,0.0,1.0,0.0,0.0,0.0,0.0,2.0,0.0
107208123,1.0,2.0,1.0,2.0,1.0,1.0,1.0,1.0,2.0,1.0,1.0,2.0,2.0,3.0,0.0
107208535,1.0,0.0,1.0,3.0,1.0,1.0,1.0,2.0,2.0,0.0,1.0,2.0,2.0,2.0,1.0
107208540,0.0,0.0,0.0,0.0,1.0,0.0,0.0,0.0,2.0,0.0,0.0,1.0,0.0,0.0,0.0
107208630,1.0,0.0,0.0,0.0,0.0,1.0,0.0,0.0,0.0,0.0,1.0,1.0,0.0,0.0,0.0
107208724,3.0,2.0,2.0,3.0,2.0,3.0,1.0,1.0,2.0,0.0,1.0,2.0,1.0,3.0,1.0
107208794,0.0,0.0,0.0,1.0,0.0,0.0,0.0,0.0,0.0,0.0,0.0,0.0,0.0,0.0,0.0
107208868,0.0,0.0,0.0,0.0,0.0,0.0,0.0,0.0,0.0,0.0,0.0,0.0,0.0,0.0,1.0
107208873,2.0,2.0,2.0,3.0,2.0,3.0,2.0,2.0,2.0,1.0,1.0,2.0,2.0,3.0,1.0
107209245,2.0,2.0,2.0,3.0,2.0,3.0,2.0,2.0,2.0,1.0,1.0,1.0,2.0,3.0,1.0
107209260,1.0,2.0,2.0,3.0,1.0,2.0,1.0,2.0,1.0,1.0,0.0,1.0,0.0,3.0,0.0
107209275,2.0,2.0,2.0,3.0,2.0,3.0,2.0,2.0,2.0,1.0,1.0,1.0,2.0,3.0,0.0
107209754,1.0,2.0,0.0,1.0,2.0,2.0,0.0,0.0,1.0,0.0,0.0,2.0,1.0,2.0,0.0
107210043,2.0,2.0,1.0,2.0,2.0,3.0,1.0,1.0,1.0,1.0,1.0,1.0,1.0,3.0,1.0
107210117,2.0,2.0,2.0,3.0,2.0,2.0,1.0,1.0,2.0,1.0,0.0,2.0,0.0,2.0,1.0
107210322,2.0,2.0,2.0,3.0,2.0,3.0,2.0,2.0,2.0,1.0,1.0,2.0,2.0,3.0,1.0
107210347,1.0,0.0,1.0,1.0,2.0,3.0,2.0,0.0,2.0,0.0,1.0,1.0,2.0,3.0,1.0
107210447,0.0,1.0,2.0,2.0,0.0,1.0,1.0,0.0,0.0,0.0,0.0,0.0,0.0,0.0,0.0
107210705,2.0,2.0,2.0,3.0,2.0,3.0,2.0,2.0,2.0,1.0,1.0,2.0,1.0,3.0,1.0
107210775,0.0,0.0,0.0,0.0,0.0,0.0,0.0,0.0,0.0,0.0,1.0,2.0,2.0,2.0,1.0
107211060,0.0,1.0,0.0,0.0,0.0,1.0,1.0,1.0,0.0,0.0,0.0,0.0,0.0,0.0,0.0
107211739,2.0,2.0,1.0,3.0,2.0,3.0,2.0,2.0,2.0,1.0,1.0,2.0,2.0,1.0,1.0
107211898,0.0,0.0,2.0,3.0,1.0,3.0,2.0,2.0,2.0,1.0,1.0,2.0,2.0,3.0,1.0
107211927,0.0,1.0,0.0,1.0,0.0,3.0,1.0,0.0,0.0,0.0,1.0,0.0,1.0,3.0,1.0
107212430,2.0,2.0,1.0,2.0,2.0,3.0,2.0,1.0,1.0,1.0,1.0,2.0,0.0,1.0,1.0
107212610,1.0,2.0,2.0,3.0,1.0,3.0,1.0,2.0,2.0,1.0,1.0,2.0,2.0,2.0,1.0
107212935,2.0,2.0,2.0,3.0,2.0,1.0,1.0,2.0,1.0,1.0,1.0,0.0,2.0,2.0,1.0
107212985,2.0,2.0,2.0,2.0,2.0,3.0,2.0,2.0,2.0,1.0,1.0,2.0,2.0,3.0,1.0
107213328,2.0,2.0,2.0,3.0,2.0,3.0,2.0,2.0,2.0,1.0,1.0,1.0,2.0,3.0,1.0
107213768,2.0,2.0,2.0,3.0,2.0,3.0,1.0,2.0,2.0,1.0,1.0,2.0,2.0,2.0,1.0
107214092,0.0,1.0,0.0,0.0,0.0,1.0,0.0,0.0,1.0,0.0,1.0,1.0,2.0,3.0,1.0
107214691,0.0,1.0,0.0,0.0,0.0,0.0,0.0,0.0,0.0,1.0,1.0,1.0,0.0,2.0,0.0
107214811,0.0,0.0,0.0,0.0,0.0,0.0,0.0,0.0,1.0,1.0,1.0,2.0,2.0,1.0,1.0
107215480,2.0,1.0,1.0,1.0,1.0,2.0,2.0,1.0,2.0,1.0,1.0,0.0,2.0,2.0,0.0
107215930,0.0,1.0,1.0,2.0,0.0,0.0,1.0,0.0,0.0,0.0,0.0,0.0,0.0,1.0,0.0
107216025,2.0,2.0,2.0,3.0,2.0,3.0,2.0,2.0,2.0,1.0,1.0,2.0,2.0,3.0,1.0
107216717,1.0,1.0,1.0,3.0,2.0,3.0,0.0,1.0,0.0,1.0,0.0,2.0,2.0,3.0,0.0
107217180,2.0,2.0,2.0,2.0,2.0,3.0,2.0,2.0,2.0,0.0,1.0,2.0,2.0,2.0,1.0
107218797,2.0,2.0,2.0,3.0,2.0,3.0,1.0,2.0,2.0,1.0,1.0,2.0,2.0,3.0,1.0
107219569,3.0,3.0,2.0,3.0,1.0,3.0,0.0,3.0,2.0,1.0,0.0,3.0,3.0,2.0,1.0
107220291,2.0,2.0,2.0,3.0,1.0,3.0,2.0,2.0,2.0,0.0,1.0,1.0,2.0,3.0,1.0
107220390,1.0,2.0,1.0,2.0,2.0,2.0,1.0,1.0,0.0,1.0,0.0,0.0,0.0,2.0,0.0
107221433,0.0,0.0,0.0,0.0,0.0,0.0,0.0,0.0,0.0,0.0,0.0,1.0,0.0,0.0,1.0
107221710,1.0,1.0,2.0,2.0,2.0,3.0,2.0,2.0,2.0,1.0,1.0,2.0,0.0,2.0,1.0
107221971,0.0,0.0,0.0,0.0,0.0,0.0,1.0,0.0,0.0,0.0,0.0,0.0,1.0,2.0,0.0
107222680,2.0,2.0,1.0,2.0,2.0,3.0,2.0,2.0,2.0,0.0,1.0,3.0,2.0,3.0,1.0
107222710,2.0,2.0,2.0,3.0,2.0,3.0,2.0,2.0,2.0,1.0,1.0,2.0,2.0,3.0,0.0
107222921,0.0,1.0,0.0,0.0,1.0,2.0,0.0,0.0,0.0,1.0,1.0,1.0,0.0,3.0,1.0
107223188,1.0,2.0,2.0,3.0,2.0,3.0,1.0,1.0,1.0,1.0,1.0,2.0,1.0,2.0,0.0
107223458,2.0,2.0,2.0,3.0,2.0,3.0,2.0,2.0,2.0,1.0,1.0,2.0,2.0,3.0,1.0
107226197,1.0,0.0,2.0,3.0,2.0,2.0,1.0,2.0,2.0,1.0,1.0,2.0,2.0,3.0,1.0
107226352,2.0,2.0,2.0,3.0,2.0,3.0,2.0,2.0,2.0,1.0,1.0,2.0,2.0,3.0,1.0
107226552,1.0,2.0,2.0,2.0,1.0,4.0,2.0,2.0,2.0,1.0,1.0,2.0,2.0,3.0,1.0
107226971,2.0,0.0,2.0,2.0,2.0,2.0,1.0,2.0,2.0,1.0,1.0,2.0,2.0,0.0,1.0
107229089,0.0,0.0,0.0,0.0,0.0,0.0,2.0,1.0,3.0,1.0,1.0,2.0,2.0,3.0,0.0
107229094,2.0,3.0,2.0,3.0,2.0,3.0,2.0,2.0,2.0,1.0,1.0,3.0,2.0,3.0,1.0
107229867,1.0,0.0,1.0,1.0,0.0,0.0,0.0,0.0,0.0,0.0,0.0,0.0,1.0,0.0,0.0
107230292,2.0,1.0,1.0,3.0,2.0,3.0,2.0,2.0,1.0,1.0,1.0,2.0,2.0,3.0,1.0
107230322,2.0,1.0,2.0,2.0,1.0,2.0,1.0,2.0,2.0,1.0,0.0,2.0,1.0,3.0,0.0
107230800,1.0,1.0,2.0,3.0,2.0,3.0,2.0,2.0,2.0,1.0,1.0,2.0,2.0,3.0,1.0
107231648,2.0,2.0,2.0,3.0,2.0,3.0,2.0,2.0,1.0,1.0,1.0,2.0,2.0,3.0,1.0
107232366,2.0,2.0,2.0,3.0,2.0,3.0,2.0,2.0,2.0,1.0,1.0,2.0,2.0,3.0,1.0
107233040,2.0,2.0,2.0,2.0,2.0,3.0,2.0,2.0,0.0,1.0,1.0,2.0,2.0,3.0,1.0
107233288,0.0,2.0,0.0,1.0,0.0,3.0,1.0,1.0,0.0,0.0,0.0,1.0,2.0,2.0,0.0
107235352,2.0,1.0,2.0,3.0,2.0,3.0,2.0,2.0,2.0,1.0,1.0,2.0,2.0,3.0,1.0
107238256,2.0,1.0,1.0,1.0,1.0,1.0,0.0,1.0,1.0,1.0,0.0,0.0,0.0,0.0,0.0
107239399,2.0,2.0,2.0,2.0,0.0,3.0,2.0,2.0,1.0,0.0,1.0,2.0,1.0,2.0,0.0
107242217,0.0,1.0,1.0,0.0,1.0,1.0,1.0,0.0,2.0,0.0,0.0,1.0,2.0,2.0,1.0
107242583,2.0,3.0,2.0,2.0,2.0,3.0,2.0,2.0,2.0,1.0,0.0,2.0,1.0,1.0,0.0
107250061,2.0,2.0,2.0,2.0,2.0,3.0,2.0,2.0,1.0,0.0,1.0,2.0,2.0,3.0,1.0
107250612,0.0,0.0,0.0,1.0,1.0,1.0,1.0,1.0,1.0,0.0,0.0,1.0,2.0,3.0,0.0
107256101,0.0,2.0,2.0,2.0,2.0,3.0,1.0,0.0,1.0,0.0,1.0,1.0,2.0,0.0,0.0
107257339,0.0,1.0,0.0,1.0,2.0,3.0,1.0,0.0,1.0,0.0,0.0,1.0,0.0,3.0,1.0
107259359,2.0,1.0,2.0,2.0,2.0,2.0,2.0,1.0,2.0,1.0,1.0,2.0,1.0,3.0,1.0
107260940,1.0,2.0,2.0,2.0,2.0,2.0,2.0,2.0,2.0,1.0,1.0,2.0,2.0,1.0,1.0
107260970,2.0,2.0,2.0,3.0,2.0,3.0,2.0,2.0,2.0,1.0,1.0,2.0,2.0,3.0,1.0
107261856,2.0,2.0,0.0,2.0,2.0,1.0,1.0,2.0,0.0,0.0,1.0,1.0,2.0,2.0,1.0
107262150,2.0,2.0,2.0,3.0,2.0,3.0,2.0,2.0,1.0,0.0,3.0,2.0,2.0,3.0,1.0
107265171,2.0,1.0,2.0,3.0,2.0,2.0,2.0,2.0,2.0,1.0,1.0,2.0,2.0,3.0,1.0
107266137,2.0,2.0,1.0,2.0,2.0,2.0,2.0,3.0,1.0,1.0,1.0,2.0,2.0,3.0,1.0
107268662,1.0,1.0,0.0,2.0,3.0,2.0,2.0,2.0,2.0,1.0,1.0,2.0,2.0,2.0,1.0
107274975,0.0,0.0,0.0,0.0,0.0,0.0,0.0,0.0,0.0,0.0,0.0,0.0,0.0,0.0,1.0
107275224,1.0,1.0,2.0,1.0,2.0,3.0,1.0,1.0,2.0,1.0,1.0,1.0,2.0,3.0,1.0
107280373,2.0,1.0,2.0,2.0,3.0,2.0,1.0,2.0,1.0,1.0,1.0,1.0,0.0,2.0,0.0
107286829,2.0,2.0,2.0,1.0,0.0,2.0,1.0,0.0,0.0,1.0,1.0,1.0,1.0,1.0,1.0
107288021,2.0,2.0,2.0,3.0,2.0,3.0,2.0,2.0,2.0,1.0,1.0,2.0,2.0,3.0,1.0
107288294,2.0,1.0,2.0,3.0,2.0,3.0,2.0,2.0,2.0,1.0,1.0,0.0,2.0,3.0,1.0
107289879,2.0,2.0,2.0,4.0,1.0,4.0,2.0,2.0,2.0,1.0,1.0,3.0,2.0,3.0,0.0
107292418,0.0,1.0,0.0,3.0,0.0,3.0,1.0,1.0,1.0,0.0,1.0,0.0,1.0,2.0,1.0
107293737,2.0,2.0,2.0,3.0,1.0,4.0,2.0,2.0,2.0,1.0,1.0,2.0,2.0,2.0,1.0
107294280,2.0,2.0,1.0,2.0,3.0,2.0,3.0,2.0,2.0,1.0,1.0,2.0,2.0,2.0,1.0
107294330,2.0,2.0,1.0,1.0,0.0,2.0,0.0,0.0,1.0,1.0,0.0,1.0,2.0,2.0,0.0
107295009,2.0,2.0,2.0,2.0,1.0,1.0,2.0,2.0,0.0,1.0,1.0,2.0,1.0,3.0,1.0
107295064,2.0,2.0,2.0,3.0,1.0,4.0,2.0,2.0,2.0,1.0,1.0,2.0,2.0,3.0,1.0
107295104,1.0,1.0,2.0,3.0,1.0,3.0,1.0,1.0,0.0,0.0,0.0,1.0,2.0,2.0,1.0
107295291,2.0,2.0,2.0,3.0,2.0,3.0,2.0,2.0,2.0,1.0,1.0,2.0,2.0,3.0,1.0
107296090,2.0,1.0,2.0,3.0,2.0,3.0,2.0,2.0,2.0,0.0,1.0,2.0,2.0,3.0,1.0
107296528,2.0,1.0,1.0,2.0,1.0,3.0,2.0,2.0,2.0,1.0,1.0,2.0,1.0,3.0,1.0
107297588,1.0,0.0,1.0,0.0,1.0,1.0,1.0,1.0,1.0,0.0,0.0,1.0,1.0,2.0,0.0
107300045,2.0,2.0,1.0,0.0,0.0,0.0,0.0,0.0,0.0,0.0,0.0,0.0,0.0,0.0,0.0
107300652,2.0,2.0,2.0,3.0,2.0,3.0,2.0,2.0,2.0,1.0,1.0,2.0,2.0,3.0,1.0
107300837,2.0,2.0,1.0,3.0,2.0,3.0,2.0,2.0,2.0,1.0,1.0,2.0,1.0,3.0,0.0
107300917,2.0,2.0,2.0,2.0,2.0,3.0,2.0,2.0,2.0,1.0,1.0,2.0,2.0,2.0,1.0
107301110,2.0,2.0,2.0,1.0,2.0,2.0,2.0,2.0,2.0,1.0,1.0,2.0,2.0,3.0,0.0
107301297,1.0,0.0,0.0,0.0,0.0,0.0,0.0,0.0,0.0,0.0,0.0,0.0,0.0,2.0,1.0
107301973,2.0,1.0,0.0,1.0,1.0,0.0,0.0,0.0,1.0,0.0,1.0,1.0,0.0,0.0,0.0
107302550,2.0,2.0,1.0,2.0,0.0,0.0,1.0,1.0,2.0,0.0,1.0,2.0,1.0,2.0,0.0
107303683,1.0,1.0,1.0,1.0,0.0,3.0,0.0,0.0,0.0,0.0,0.0,0.0,0.0,2.0,0.0
107303798,2.0,2.0,1.0,2.0,1.0,2.0,2.0,1.0,1.0,1.0,1.0,1.0,2.0,1.0,1.0
107306598,2.0,2.0,1.0,1.0,2.0,3.0,2.0,1.0,2.0,1.0,1.0,2.0,2.0,2.0,1.0
107306742,1.0,1.0,2.0,1.0,0.0,3.0,1.0,2.0,0.0,0.0,0.0,0.0,1.0,2.0,1.0
107306872,3.0,0.0,2.0,2.0,1.0,1.0,1.0,0.0,2.0,0.0,0.0,0.0,2.0,3.0,1.0
107307259,0.0,1.0,1.0,0.0,0.0,1.0,2.0,2.0,1.0,1.0,1.0,2.0,1.0,3.0,1.0
107328101,2.0,2.0,2.0,3.0,2.0,3.0,2.0,2.0,2.0,1.0,0.0,2.0,2.0,3.0,1.0
109282756,0.0,1.0,1.0,2.0,0.0,0.0,0.0,0.0,0.0,0.0,0.0,0.0,0.0,0.0,0.0
109282781,0.0,0.0,0.0,0.0,0.0,0.0,0.0,0.0,0.0,0.0,0.0,1.0,0.0,1.0,0.0
109282815,0.0,0.0,0.0,0.0,0.0,0.0,0.0,0.0,0.0,0.0,0.0,1.0,1.0,0.0,0.0
109384796,0.0,2.0,0.0,0.0,0.0,1.0,0.0,0.0,0.0,0.0,0.0,1.0,0.0,0.0,0.0
109435139,0.0,0.0,0.0,0.0,0.0,0.0,0.0,0.0,0.0,0.0,0.0,0.0,0.0,0.0,1.0
109444854,0.0,0.0,0.0,0.0,0.0,0.0,0.0,1.0,1.0,0.0,1.0,1.0,0.0,0.0,1.0
109444889,0.0,1.0,1.0,3.0,1.0,1.0,2.0,2.0,2.0,1.0,1.0,1.0,1.0,3.0,1.0
110004624,0.0,0.0,0.0,0.0,0.0,1.0,2.0,2.0,2.0,1.0,1.0,2.0,2.0,3.0,0.0
110019110,0.0,0.0,0.0,2.0,0.0,3.0,1.0,0.0,1.0,0.0,0.0,1.0,0.0,1.0,0.0
114969216,0.0,0.0,0.0,0.0,0.0,1.0,0.0,0.0,0.0,0.0,0.0,0.0,0.0,1.0,0.0
116940249,0.0,1.0,1.0,2.0,3.0,1.0,1.0,2.0,0.0,0.0,1.0,2.0,1.0,2.0,0.0
116940370,0.0,1.0,1.0,1.0,1.0,2.0,1.0,1.0,2.0,1.0,0.0,2.0,0.0,3.0,0.0
117112395,2.0,2.0,1.0,0.0,0.0,4.0,2.0,2.0,2.0,1.0,1.0,2.0,1.0,2.0,0.0
117826225,0.0,0.0,0.0,0.0,0.0,0.0,0.0,0.0,0.0,0.0,0.0,2.0,1.0,2.0,0.0
117917853,1.0,1.0,2.0,3.0,2.0,3.0,2.0,2.0,2.0,1.0,1.0,2.0,2.0,3.0,1.0
118193366,0.0,0.0,0.0,0.0,0.0,1.0,0.0,0.0,0.0,0.0,0.0,0.0,0.0,0.0,0.0
123483858,2.0,2.0,2.0,3.0,2.0,3.0,2.0,2.0,2.0,1.0,1.0,2.0,2.0,3.0,1.0
124635993,2.0,2.0,0.0,0.0,0.0,2.0,0.0,0.0,0.0,0.0,1.0,0.0,1.0,1.0,1.0
130429837,0.0,2.0,2.0,3.0,2.0,3.0,2.0,2.0,2.0,1.0,1.0,2.0,2.0,3.0,1.0
137239874,2.0,2.0,0.0,1.0,2.0,3.0,2.0,2.0,2.0,1.0,0.0,1.0,2.0,2.0,0.0
137243350,0.0,0.0,0.0,0.0,0.0,1.0,0.0,0.0,0.0,0.0,0.0,0.0,1.0,0.0,0.0
137244365,1.0,2.0,0.0,0.0,0.0,0.0,0.0,0.0,0.0,0.0,0.0,0.0,0.0,0.0,0.0
137244901,1.0,2.0,1.0,0.0,0.0,0.0,0.0,0.0,0.0,0.0,0.0,1.0,0.0,1.0,0.0
137295791,0.0,0.0,1.0,2.0,1.0,2.0,1.0,1.0,0.0,0.0,0.0,1.0,2.0,2.0,0.0
137330268,0.0,0.0,0.0,0.0,0.0,0.0,0.0,0.0,0.0,0.0,0.0,0.0,0.0,2.0,1.0
137405280,2.0,2.0,2.0,3.0,2.0,3.0,2.0,2.0,2.0,1.0,1.0,2.0,2.0,3.0,1.0
137506596,1.0,2.0,2.0,2.0,1.0,2.0,1.0,2.0,2.0,1.0,1.0,2.0,1.0,1.0,0.0
137520511,2.0,2.0,2.0,3.0,2.0,3.0,2.0,2.0,2.0,1.0,1.0,2.0,2.0,3.0,1.0
137583995,1.0,1.0,2.0,1.0,2.0,1.0,1.0,2.0,0.0,1.0,1.0,2.0,1.0,1.0,0.0
137605598,0.0,0.0,0.0,0.0,0.0,0.0,0.0,0.0,0.0,0.0,0.0,0.0,0.0,1.0,0.0
137913010,2.0,2.0,2.0,3.0,2.0,3.0,2.0,2.0,2.0,0.0,1.0,2.0,2.0,3.0,0.0
137944277,0.0,1.0,1.0,0.0,0.0,0.0,0.0,1.0,0.0,0.0,0.0,0.0,0.0,0.0,0.0
137986060,0.0,0.0,0.0,0.0,0.0,0.0,1.0,1.0,0.0,0.0,0.0,1.0,0.0,0.0,0.0
138072158,0.0,0.0,0.0,0.0,0.0,0.0,0.0,0.0,0.0,0.0,0.0,0.0,1.0,0.0,0.0
138340584,0.0,0.0,0.0,0.0,0.0,0.0,0.0,0.0,0.0,0.0,0.0,0.0,0.0,1.0,0.0
139926006,0.0,0.0,0.0,0.0,0.0,0.0,1.0,0.0,0.0,0.0,0.0,1.0,0.0,0.0,0.0
142806658,0.0,0.0,0.0,0.0,0.0,0.0,0.0,2.0,2.0,1.0,1.0,2.0,2.0,3.0,1.0
145505757,0.0,0.0,0.0,1.0,2.0,0.0,0.0,0.0,0.0,0.0,0.0,0.0,0.0,0.0,0.0
145614291,2.0,1.0,2.0,0.0,1.0,3.0,0.0,0.0,0.0,0.0,1.0,1.0,1.0,2.0,1.0
150668520,2.0,2.0,2.0,2.0,1.0,0.0,0.0,0.0,0.0,0.0,0.0,0.0,0.0,0.0,0.0
151726029,1.0,0.0,0.0,1.0,0.0,1.0,0.0,1.0,0.0,0.0,0.0,1.0,1.0,0.0,0.0
157336185,0.0,0.0,0.0,0.0,0.0,2.0,0.0,1.0,0.0,1.0,1.0,1.0,0.0,0.0,1.0
157339635,2.0,1.0,0.0,0.0,0.0,0.0,0.0,0.0,0.0,0.0,0.0,0.0,0.0,0.0,0.0
157340098,2.0,2.0,2.0,1.0,1.0,1.0,0.0,0.0,1.0,1.0,0.0,1.0,0.0,1.0,1.0
157358260,1.0,1.0,2.0,2.0,1.0,3.0,2.0,2.0,1.0,0.0,0.0,0.0,1.0,2.0,0.0
157360959,2.0,2.0,0.0,2.0,2.0,3.0,2.0,1.0,2.0,1.0,1.0,0.0,2.0,3.0,0.0
157410471,0.0,0.0,0.0,0.0,0.0,1.0,0.0,0.0,1.0,1.0,0.0,0.0,0.0,0.0,0.0
157413135,0.0,0.0,0.0,1.0,2.0,1.0,0.0,0.0,1.0,0.0,1.0,0.0,1.0,3.0,0.0
157435593,0.0,0.0,0.0,0.0,0.0,0.0,0.0,0.0,0.0,0.0,0.0,1.0,2.0,3.0,1.0
157474487,2.0,2.0,1.0,3.0,1.0,3.0,0.0,2.0,2.0,0.0,1.0,2.0,1.0,3.0,1.0
157637950,0.0,1.0,0.0,1.0,0.0,0.0,0.0,0.0,0.0,0.0,0.0,0.0,0.0,0.0,0.0
157656371,2.0,2.0,2.0,2.0,2.0,4.0,2.0,2.0,2.0,1.0,1.0,2.0,2.0,3.0,0.0
157659806,0.0,0.0,0.0,0.0,0.0,0.0,0.0,0.0,0.0,0.0,0.0,0.0,0.0,1.0,0.0
157677688,1.0,2.0,2.0,3.0,2.0,3.0,2.0,2.0,2.0,1.0,1.0,2.0,2.0,3.0,1.0
157738246,0.0,0.0,0.0,0.0,0.0,0.0,1.0,2.0,2.0,0.0,1.0,2.0,2.0,3.0,1.0
157757097,1.0,2.0,2.0,2.0,2.0,2.0,2.0,1.0,1.0,1.0,1.0,2.0,2.0,3.0,1.0
157793291,1.0,2.0,2.0,3.0,2.0,3.0,2.0,2.0,2.0,1.0,1.0,2.0,2.0,3.0,1.0
157793344,0.0,0.0,0.0,0.0,0.0,0.0,0.0,0.0,0.0,0.0,0.0,0.0,0.0,1.0,0.0
157807529,1.0,1.0,0.0,1.0,1.0,0.0,0.0,1.0,2.0,0.0,0.0,1.0,1.0,2.0,1.0
157818811,0.0,0.0,0.0,0.0,0.0,0.0,1.0,0.0,1.0,0.0,0.0,0.0,1.0,0.0,0.0
157835645,0.0,1.0,1.0,1.0,0.0,0.0,1.0,0.0,0.0,0.0,1.0,0.0,0.0,0.0,0.0
157836000,0.0,1.0,0.0,0.0,0.0,0.0,0.0,0.0,0.0,0.0,0.0,1.0,0.0,0.0,0.0
157841660,1.0,1.0,0.0,0.0,0.0,1.0,0.0,2.0,0.0,1.0,0.0,1.0,0.0,0.0,0.0
157844676,1.0,1.0,0.0,1.0,0.0,2.0,0.0,0.0,0.0,0.0,0.0,0.0,0.0,0.0,1.0
157862898,1.0,1.0,1.0,3.0,2.0,3.0,2.0,2.0,2.0,1.0,1.0,2.0,2.0,3.0,1.0
157865222,0.0,0.0,0.0,0.0,2.0,3.0,1.0,0.0,1.0,1.0,1.0,2.0,1.0,3.0,1.0
157890819,0.0,1.0,0.0,0.0,0.0,0.0,0.0,1.0,0.0,0.0,1.0,1.0,1.0,2.0,1.0
157902990,1.0,1.0,2.0,2.0,0.0,1.0,0.0,2.0,2.0,1.0,1.0,2.0,1.0,1.0,1.0
157938983,1.0,2.0,2.0,3.0,1.0,2.0,1.0,0.0,0.0,1.0,1.0,2.0,2.0,3.0,1.0
157941062,1.0,1.0,1.0,0.0,0.0,1.0,1.0,0.0,0.0,0.0,1.0,1.0,1.0,0.0,0.0
157963185,1.0,0.0,0.0,1.0,0.0,0.0,0.0,0.0,0.0,0.0,0.0,0.0,0.0,0.0,0.0
157963568,0.0,0.0,1.0,2.0,2.0,3.0,2.0,2.0,2.0,1.0,1.0,2.0,2.0,3.0,0.0
157967138,1.0,0.0,2.0,3.0,2.0,3.0,2.0,2.0,2.0,1.0,1.0,1.0,2.0,3.0,1.0
157978454,0.0,0.0,2.0,2.0,2.0,3.0,2.0,2.0,1.0,1.0,1.0,2.0,1.0,1.0,1.0
158020376,0.0,1.0,1.0,0.0,0.0,2.0,0.0,1.0,1.0,0.0,1.0,1.0,1.0,1.0,0.0
158031939,0.0,2.0,1.0,2.0,3.0,3.0,2.0,2.0,2.0,0.0,1.0,2.0,2.0,2.0,0.0
158038469,0.0,0.0,1.0,1.0,2.0,3.0,2.0,2.0,2.0,0.0,1.0,2.0,2.0,3.0,1.0
158054374,0.0,1.0,1.0,0.0,0.0,0.0,0.0,0.0,1.0,0.0,0.0,1.0,1.0,1.0,0.0
158054588,0.0,0.0,0.0,2.0,1.0,2.0,0.0,2.0,2.0,0.0,1.0,2.0,0.0,2.0,0.0
158055199,1.0,2.0,1.0,1.0,0.0,3.0,0.0,0.0,1.0,1.0,1.0,2.0,1.0,1.0,1.0
158056910,0.0,0.0,0.0,0.0,1.0,0.0,1.0,1.0,0.0,0.0,1.0,1.0,2.0,2.0,1.0
158072603,0.0,2.0,2.0,3.0,2.0,3.0,2.0,2.0,2.0,1.0,1.0,2.0,2.0,3.0,1.0
158089087,0.0,1.0,3.0,3.0,2.0,3.0,2.0,2.0,2.0,1.0,1.0,2.0,2.0,3.0,1.0
158089902,0.0,2.0,1.0,3.0,2.0,3.0,2.0,2.0,2.0,1.0,1.0,2.0,2.0,2.0,1.0
158091516,0.0,1.0,0.0,1.0,0.0,0.0,0.0,0.0,0.0,0.0,0.0,0.0,0.0,0.0,0.0
158158683,0.0,1.0,0.0,1.0,1.0,0.0,1.0,1.0,0.0,0.0,0.0,2.0,0.0,0.0,1.0
160436094,0.0,0.0,0.0,0.0,0.0,2.0,2.0,2.0,2.0,1.0,1.0,2.0,2.0,2.0,1.0
