iid,1,2,3,4,5,6,7,8,9,10,11,12,13,14
100057681,1.0,2.0,3.0,2.0,3.0,2.0,2.0,2.0,1.0,1.0,2.0,2.0,3.0,1.0
100057957,2.0,2.0,3.0,2.0,3.0,2.0,2.0,2.0,1.0,1.0,2.0,2.0,3.0,1.0
100064191,0.0,0.0,0.0,0.0,0.0,0.0,0.0,0.0,0.0,1.0,2.0,2.0,3.0,1.0
100064787,2.0,2.0,3.0,2.0,3.0,2.0,2.0,2.0,1.0,1.0,2.0,2.0,3.0,1.0
100066593,2.0,2.0,3.0,2.0,3.0,2.0,2.0,2.0,1.0,1.0,2.0,2.0,3.0,1.0
100066609,2.0,2.0,3.0,2.0,3.0,2.0,2.0,2.0,1.0,1.0,2.0,2.0,3.0,1.0
100069009,2.0,2.0,3.0,2.0,3.0,2.0,2.0,2.0,1.0,1.0,2.0,2.0,3.0,1.0
100073240,2.0,2.0,3.0,2.0,3.0,2.0,2.0,2.0,1.0,1.0,2.0,2.0,3.0,1.0
100075318,2.0,2.0,3.0,2.0,3.0,2.0,2.0,2.0,1.0,1.0,2.0,2.0,3.0,1.0
100079030,2.0,2.0,3.0,2.0,3.0,2.0,2.0,2.0,1.0,1.0,2.0,2.0,3.0,1.0
100083084,1.0,2.0,3.0,2.0,3.0,2.0,2.0,2.0,1.0,1.0,2.0,2.0,3.0,1.0
100089802,2.0,2.0,3.0,2.0,3.0,2.0,2.0,2.0,1.0,1.0,2.0,2.0,3.0,1.0
100090772,2.0,2.0,3.0,2.0,3.0,2.0,2.0,2.0,1.0,1.0,2.0,2.0,3.0,1.0
100099236,2.0,2.0,3.0,2.0,3.0,2.0,2.0,2.0,1.0,1.0,2.0,2.0,3.0,1.0
100102488,2.0,2.0,3.0,2.0,3.0,2.0,2.0,2.0,1.0,1.0,2.0,2.0,3.0,1.0
100116128,2.0,2.0,3.0,0.0,0.0,0.0,0.0,2.0,1.0,1.0,2.0,2.0,3.0,1.0
100127762,2.0,2.0,3.0,2.0,3.0,2.0,2.0,2.0,1.0,1.0,2.0,2.0,3.0,1.0
100129350,2.0,2.0,3.0,2.0,3.0,2.0,2.0,2.0,1.0,1.0,2.0,2.0,3.0,1.0
100129484,2.0,2.0,3.0,2.0,3.0,2.0,2.0,2.0,1.0,1.0,2.0,2.0,3.0,1.0
100130732,0.0,0.0,0.0,0.0,0.0,0.0,0.0,0.0,0.0,0.0,0.0,0.0,1.0,1.0
100134272,2.0,2.0,3.0,2.0,3.0,2.0,2.0,2.0,1.0,1.0,2.0,2.0,3.0,1.0
100134348,2.0,2.0,3.0,2.0,3.0,2.0,2.0,2.0,1.0,1.0,2.0,2.0,3.0,1.0
100145324,2.0,2.0,3.0,2.0,3.0,2.0,2.0,2.0,1.0,1.0,2.0,2.0,3.0,1.0
100145990,2.0,2.0,3.0,2.0,3.0,2.0,2.0,2.0,1.0,1.0,2.0,2.0,3.0,1.0
100149940,2.0,2.0,3.0,2.0,3.0,2.0,2.0,2.0,1.0,1.0,2.0,2.0,3.0,1.0
100150714,2.0,2.0,3.0,2.0,3.0,2.0,2.0,2.0,1.0,1.0,2.0,2.0,3.0,1.0
100155141,2.0,2.0,3.0,2.0,3.0,2.0,2.0,2.0,1.0,1.0,2.0,2.0,3.0,1.0
100157117,3.0,2.0,3.0,2.0,3.0,2.0,2.0,2.0,1.0,1.0,3.0,2.0,3.0,1.0
100163788,2.0,2.0,3.0,2.0,3.0,2.0,2.0,2.0,1.0,1.0,2.0,2.0,3.0,1.0
100168623,2.0,2.0,3.0,2.0,3.0,2.0,2.0,2.0,1.0,1.0,2.0,2.0,3.0,1.0
100170619,2.0,2.0,3.0,2.0,3.0,2.0,2.0,2.0,1.0,1.0,2.0,2.0,3.0,1.0
100173969,3.0,2.0,3.0,2.0,3.0,2.0,2.0,2.0,1.0,1.0,3.0,2.0,3.0,1.0
100175285,2.0,2.0,3.0,2.0,3.0,2.0,2.0,2.0,1.0,1.0,2.0,2.0,3.0,1.0
100175891,2.0,2.0,3.0,2.0,3.0,2.0,2.0,2.0,1.0,1.0,2.0,2.0,3.0,1.0
100184412,2.0,2.0,3.0,2.0,3.0,2.0,2.0,2.0,1.0,1.0,2.0,2.0,3.0,1.0
100187018,2.0,2.0,3.0,2.0,3.0,2.0,2.0,2.0,1.0,1.0,2.0,2.0,3.0,1.0
100188436,2.0,2.0,3.0,2.0,3.0,2.0,2.0,2.0,1.0,1.0,2.0,2.0,3.0,1.0
100197894,2.0,2.0,3.0,2.0,3.0,2.0,2.0,2.0,1.0,1.0,2.0,2.0,3.0,1.0
100202501,2.0,2.0,3.0,2.0,3.0,2.0,2.0,2.0,1.0,1.0,2.0,2.0,3.0,1.0
100202857,2.0,2.0,3.0,2.0,3.0,2.0,2.0,2.0,1.0,1.0,2.0,2.0,3.0,1.0
100205855,1.0,2.0,3.0,2.0,3.0,2.0,2.0,2.0,1.0,1.0,2.0,2.0,3.0,1.0
100214454,2.0,2.0,3.0,2.0,3.0,2.0,2.0,2.0,1.0,1.0,2.0,2.0,3.0,1.0
100215288,2.0,2.0,3.0,2.0,3.0,2.0,2.0,2.0,1.0,1.0,2.0,2.0,3.0,1.0
100223798,2.0,2.0,3.0,2.0,3.0,2.0,2.0,2.0,1.0,1.0,2.0,2.0,3.0,1.0
100231120,2.0,2.0,3.0,2.0,3.0,2.0,2.0,2.0,1.0,1.0,2.0,2.0,3.0,1.0
100233590,2.0,2.0,3.0,2.0,3.0,2.0,2.0,2.0,1.0,1.0,2.0,2.0,3.0,1.0
100235496,2.0,2.0,3.0,2.0,3.0,2.0,2.0,2.0,1.0,1.0,2.0,2.0,3.0,1.0
100235623,2.0,2.0,3.0,2.0,3.0,2.0,2.0,2.0,1.0,1.0,2.0,2.0,3.0,1.0
100236209,2.0,2.0,3.0,2.0,3.0,2.0,2.0,2.0,1.0,1.0,2.0,2.0,3.0,1.0
100236519,2.0,2.0,3.0,2.0,3.0,2.0,2.0,2.0,1.0,1.0,2.0,2.0,3.0,1.0
100249031,2.0,2.0,3.0,2.0,3.0,2.0,2.0,2.0,1.0,1.0,2.0,2.0,3.0,1.0
100250971,2.0,2.0,3.0,2.0,3.0,2.0,2.0,2.0,1.0,1.0,2.0,2.0,3.0,1.0
100254225,2.0,2.0,3.0,2.0,3.0,2.0,2.0,2.0,1.0,1.0,2.0,2.0,3.0,1.0
100258780,2.0,2.0,3.0,2.0,3.0,2.0,2.0,2.0,1.0,1.0,2.0,2.0,3.0,1.0
100263260,2.0,2.0,3.0,2.0,3.0,2.0,2.0,2.0,1.0,1.0,2.0,2.0,3.0,1.0
100265816,2.0,2.0,3.0,2.0,3.0,2.0,2.0,2.0,1.0,1.0,2.0,2.0,3.0,1.0
100266150,2.0,2.0,3.0,2.0,3.0,2.0,2.0,2.0,1.0,1.0,2.0,2.0,3.0,1.0
100273308,2.0,2.0,3.0,2.0,3.0,2.0,2.0,2.0,1.0,1.0,2.0,2.0,3.0,1.0
100275450,2.0,2.0,3.0,2.0,3.0,2.0,2.0,2.0,1.0,1.0,2.0,2.0,3.0,1.0
100276552,2.0,2.0,3.0,2.0,3.0,2.0,2.0,2.0,1.0,1.0,2.0,2.0,3.0,1.0
100278824,2.0,2.0,3.0,2.0,3.0,2.0,2.0,2.0,1.0,1.0,2.0,2.0,3.0,1.0
100286156,2.0,2.0,3.0,2.0,3.0,2.0,2.0,2.0,1.0,1.0,2.0,2.0,3.0,1.0
100295668,2.0,2.0,3.0,2.0,3.0,2.0,2.0,2.0,1.0,1.0,2.0,2.0,3.0,1.0
100296722,2.0,2.0,3.0,2.0,3.0,2.0,2.0,2.0,1.0,1.0,2.0,2.0,3.0,1.0
100298374,2.0,2.0,3.0,2.0,3.0,2.0,2.0,2.0,1.0,1.0,2.0,2.0,1.0,0.0
100302120,1.0,2.0,3.0,2.0,3.0,2.0,2.0,2.0,1.0,1.0,2.0,2.0,3.0,1.0
100305474,2.0,2.0,3.0,2.0,3.0,2.0,2.0,2.0,1.0,1.0,2.0,2.0,3.0,1.0
100311576,2.0,2.0,3.0,2.0,3.0,2.0,2.0,2.0,1.0,1.0,2.0,2.0,3.0,1.0
100316208,0.0,2.0,3.0,2.0,3.0,2.0,2.0,2.0,1.0,1.0,2.0,2.0,3.0,1.0
100318788,2.0,2.0,3.0,2.0,3.0,2.0,2.0,2.0,1.0,1.0,2.0,2.0,3.0,1.0
100323960,2.0,2.0,3.0,2.0,3.0,2.0,2.0,2.0,1.0,1.0,2.0,2.0,3.0,1.0
100339264,2.0,2.0,3.0,2.0,3.0,2.0,2.0,2.0,1.0,1.0,2.0,2.0,3.0,1.0
100341998,2.0,2.0,3.0,2.0,3.0,2.0,2.0,2.0,1.0,1.0,2.0,2.0,3.0,1.0
100361399,2.0,2.0,3.0,2.0,3.0,2.0,2.0,2.0,1.0,1.0,2.0,2.0,3.0,1.0
100366707,2.0,2.0,3.0,2.0,3.0,2.0,2.0,2.0,1.0,1.0,2.0,2.0,3.0,1.0
100405468,1.0,0.0,0.0,0.0,0.0,0.0,0.0,0.0,0.0,0.0,1.0,0.0,0.0,0.0
100405473,2.0,2.0,3.0,2.0,3.0,2.0,2.0,2.0,1.0,1.0,2.0,2.0,3.0,1.0
100405719,2.0,2.0,3.0,2.0,3.0,2.0,2.0,2.0,1.0,1.0,2.0,2.0,3.0,1.0
100405739,0.0,0.0,0.0,0.0,0.0,0.0,0.0,0.0,1.0,1.0,2.0,2.0,3.0,1.0
100408202,2.0,2.0,3.0,2.0,3.0,2.0,2.0,2.0,1.0,1.0,2.0,2.0,3.0,1.0
100408414,0.0,0.0,0.0,0.0,0.0,0.0,2.0,2.0,1.0,1.0,2.0,2.0,3.0,1.0
100408493,0.0,0.0,0.0,0.0,0.0,2.0,2.0,2.0,1.0,1.0,2.0,2.0,3.0,1.0
100408571,0.0,0.0,0.0,0.0,0.0,0.0,0.0,0.0,0.0,0.0,0.0,0.0,1.0,1.0
100408822,1.0,0.0,0.0,0.0,0.0,0.0,0.0,0.0,0.0,0.0,1.0,0.0,0.0,0.0
100409038,2.0,2.0,3.0,2.0,3.0,2.0,2.0,2.0,1.0,1.0,2.0,2.0,3.0,1.0
100409043,0.0,0.0,0.0,0.0,0.0,0.0,0.0,0.0,0.0,0.0,1.0,0.0,0.0,0.0
100409067,0.0,0.0,0.0,0.0,0.0,0.0,0.0,0.0,0.0,1.0,2.0,2.0,3.0,1.0
100410921,0.0,0.0,0.0,0.0,0.0,0.0,2.0,2.0,1.0,1.0,2.0,2.0,3.0,1.0
100412743,0.0,0.0,0.0,0.0,0.0,0.0,0.0,0.0,0.0,0.0,0.0,0.0,0.0,1.0
100413273,0.0,0.0,0.0,0.0,0.0,0.0,2.0,2.0,1.0,1.0,2.0,2.0,3.0,1.0
100413312,2.0,2.0,3.0,2.0,3.0,2.0,2.0,2.0,1.0,1.0,2.0,2.0,3.0,1.0
100418085,0.0,0.0,0.0,0.0,0.0,0.0,0.0,0.0,0.0,0.0,1.0,2.0,3.0,1.0
100419088,2.0,2.0,3.0,2.0,3.0,2.0,2.0,2.0,1.0,1.0,2.0,2.0,3.0,1.0
100419978,0.0,0.0,0.0,0.0,0.0,0.0,0.0,0.0,0.0,1.0,2.0,2.0,3.0,1.0
100421366,2.0,2.0,3.0,2.0,3.0,2.0,2.0,2.0,1.0,1.0,2.0,2.0,3.0,1.0
100421524,0.0,0.0,1.0,2.0,3.0,2.0,2.0,2.0,1.0,1.0,2.0,2.0,3.0,1.0
100421803,0.0,0.0,0.0,0.0,0.0,2.0,2.0,2.0,1.0,1.0,2.0,2.0,3.0,1.0
100421908,0.0,0.0,1.0,2.0,3.0,2.0,2.0,2.0,1.0,1.0,2.0,2.0,3.0,1.0
100426143,2.0,2.0,3.0,2.0,3.0,2.0,2.0,2.0,1.0,1.0,2.0,2.0,3.0,1.0
100426177,2.0,2.0,3.0,2.0,3.0,2.0,2.0,2.0,1.0,1.0,2.0,2.0,3.0,1.0
100428490,0.0,0.0,0.0,0.0,0.0,0.0,0.0,0.0,0.0,0.0,0.0,0.0,3.0,1.0
100428597,0.0,0.0,0.0,0.0,0.0,0.0,0.0,0.0,1.0,1.0,2.0,2.0,3.0,1.0
100428880,1.0,0.0,0.0,0.0,0.0,0.0,0.0,0.0,0.0,0.0,1.0,0.0,0.0,0.0
100429079,0.0,0.0,0.0,0.0,0.0,0.0,1.0,2.0,1.0,1.0,2.0,2.0,3.0,1.0
100429377,2.0,2.0,3.0,2.0,3.0,2.0,2.0,2.0,1.0,1.0,2.0,2.0,3.0,1.0
100429412,2.0,2.0,3.0,2.0,3.0,2.0,2.0,2.0,1.0,1.0,2.0,2.0,3.0,0.0
100430077,0.0,0.0,0.0,2.0,3.0,2.0,2.0,2.0,1.0,1.0,2.0,2.0,3.0,1.0
100430400,0.0,0.0,1.0,2.0,3.0,2.0,2.0,2.0,1.0,1.0,2.0,2.0,3.0,1.0
100430509,2.0,2.0,3.0,2.0,3.0,2.0,2.0,2.0,1.0,1.0,2.0,2.0,3.0,1.0
100430609,2.0,2.0,3.0,2.0,3.0,2.0,2.0,2.0,1.0,1.0,2.0,2.0,3.0,1.0
100430742,2.0,2.0,3.0,2.0,3.0,2.0,2.0,2.0,1.0,1.0,2.0,2.0,3.0,1.0
100430885,2.0,2.0,3.0,2.0,3.0,2.0,2.0,2.0,1.0,1.0,2.0,2.0,3.0,1.0
100432267,0.0,0.0,0.0,1.0,3.0,2.0,2.0,2.0,1.0,1.0,2.0,2.0,3.0,1.0
100432495,0.0,0.0,0.0,0.0,0.0,0.0,2.0,2.0,1.0,1.0,2.0,2.0,3.0,1.0
100432683,2.0,2.0,3.0,2.0,3.0,2.0,2.0,2.0,1.0,1.0,2.0,2.0,3.0,1.0
100434010,0.0,0.0,0.0,0.0,1.0,2.0,2.0,2.0,1.0,1.0,2.0,2.0,3.0,1.0
100434356,0.0,0.0,0.0,1.0,3.0,2.0,2.0,2.0,1.0,1.0,2.0,2.0,3.0,1.0
100434683,2.0,2.0,3.0,2.0,3.0,2.0,2.0,2.0,1.0,1.0,2.0,2.0,3.0,1.0
100435423,0.0,0.0,2.0,2.0,3.0,2.0,2.0,2.0,1.0,1.0,2.0,2.0,3.0,1.0
100435566,0.0,0.0,3.0,2.0,3.0,2.0,2.0,2.0,1.0,1.0,2.0,2.0,3.0,1.0
100435773,0.0,0.0,0.0,0.0,0.0,0.0,0.0,0.0,0.0,0.0,0.0,0.0,0.0,1.0
100435992,0.0,0.0,0.0,0.0,0.0,0.0,0.0,0.0,0.0,0.0,0.0,0.0,2.0,1.0
100436034,0.0,0.0,0.0,0.0,0.0,0.0,0.0,0.0,0.0,0.0,0.0,0.0,2.0,1.0
100436080,0.0,0.0,0.0,0.0,0.0,0.0,0.0,0.0,0.0,0.0,1.0,2.0,3.0,1.0
100437223,0.0,0.0,0.0,0.0,0.0,0.0,0.0,0.0,0.0,0.0,0.0,1.0,3.0,1.0
100438789,0.0,0.0,0.0,0.0,0.0,0.0,0.0,0.0,0.0,0.0,0.0,0.0,2.0,1.0
100439098,0.0,0.0,0.0,1.0,3.0,2.0,2.0,2.0,1.0,1.0,2.0,2.0,3.0,1.0
100439404,2.0,2.0,3.0,2.0,3.0,2.0,2.0,2.0,1.0,1.0,2.0,2.0,3.0,1.0
100440091,0.0,0.0,0.0,1.0,3.0,2.0,2.0,2.0,1.0,1.0,2.0,2.0,3.0,1.0
100440312,0.0,0.0,0.0,1.0,3.0,2.0,2.0,2.0,1.0,1.0,2.0,2.0,3.0,1.0
100440668,0.0,0.0,1.0,2.0,3.0,2.0,2.0,2.0,1.0,1.0,2.0,2.0,3.0,1.0
100442814,2.0,2.0,3.0,2.0,3.0,2.0,2.0,2.0,1.0,1.0,2.0,2.0,3.0,1.0
100443288,2.0,2.0,3.0,2.0,3.0,2.0,2.0,2.0,1.0,1.0,2.0,2.0,3.0,1.0
100443796,0.0,0.0,0.0,0.0,0.0,0.0,0.0,0.0,0.0,0.0,0.0,1.0,3.0,1.0
100445006,0.0,0.0,0.0,0.0,0.0,0.0,0.0,0.0,0.0,1.0,2.0,2.0,3.0,1.0
100445033,0.0,0.0,0.0,0.0,0.0,2.0,2.0,2.0,1.0,1.0,2.0,2.0,3.0,1.0
100445256,2.0,2.0,3.0,2.0,3.0,2.0,2.0,2.0,1.0,1.0,2.0,2.0,3.0,1.0
100446427,2.0,2.0,3.0,2.0,3.0,2.0,2.0,2.0,1.0,1.0,2.0,2.0,3.0,1.0
100447028,2.0,2.0,3.0,2.0,3.0,2.0,2.0,2.0,1.0,1.0,2.0,2.0,3.0,1.0
100447306,0.0,0.0,0.0,0.0,0.0,0.0,0.0,0.0,0.0,0.0,1.0,2.0,3.0,1.0
100447334,2.0,2.0,3.0,2.0,3.0,2.0,2.0,2.0,1.0,1.0,2.0,2.0,3.0,1.0
100447581,0.0,0.0,0.0,0.0,0.0,0.0,0.0,0.0,0.0,0.0,0.0,0.0,3.0,1.0
100448147,0.0,0.0,0.0,0.0,0.0,0.0,0.0,0.0,0.0,1.0,2.0,2.0,3.0,1.0
100449883,0.0,0.0,0.0,0.0,0.0,0.0,0.0,0.0,0.0,0.0,2.0,2.0,3.0,1.0
100451338,2.0,2.0,3.0,2.0,3.0,2.0,2.0,2.0,1.0,1.0,2.0,2.0,3.0,1.0
100454572,0.0,0.0,1.0,2.0,3.0,2.0,2.0,2.0,1.0,1.0,2.0,2.0,3.0,1.0
100454925,0.0,0.0,0.0,0.0,0.0,0.0,0.0,0.0,0.0,0.0,0.0,1.0,3.0,1.0
100455472,0.0,0.0,0.0,0.0,0.0,0.0,0.0,0.0,0.0,0.0,0.0,2.0,3.0,1.0
100457770,0.0,0.0,0.0,0.0,0.0,0.0,2.0,2.0,1.0,1.0,2.0,2.0,3.0,1.0
100459432,0.0,0.0,0.0,0.0,0.0,0.0,0.0,0.0,0.0,0.0,0.0,0.0,2.0,1.0
100460935,2.0,2.0,3.0,2.0,3.0,2.0,2.0,2.0,1.0,1.0,2.0,2.0,3.0,1.0
100461409,2.0,2.0,3.0,2.0,3.0,2.0,2.0,2.0,1.0,1.0,2.0,2.0,3.0,1.0
100461563,0.0,0.0,0.0,0.0,2.0,2.0,2.0,2.0,1.0,1.0,2.0,2.0,3.0,1.0
100461618,0.0,0.0,1.0,2.0,3.0,2.0,2.0,2.0,1.0,1.0,2.0,2.0,3.0,1.0
100462333,0.0,0.0,0.0,0.0,0.0,0.0,0.0,0.0,0.0,0.0,0.0,0.0,2.0,1.0
100462634,0.0,0.0,1.0,2.0,3.0,2.0,2.0,2.0,1.0,1.0,2.0,2.0,3.0,1.0
100462724,0.0,0.0,0.0,0.0,0.0,0.0,0.0,0.0,0.0,0.0,0.0,0.0,2.0,1.0
100463756,2.0,2.0,3.0,2.0,3.0,2.0,2.0,2.0,1.0,1.0,2.0,2.0,3.0,1.0
100464402,0.0,0.0,0.0,0.0,0.0,2.0,2.0,2.0,1.0,1.0,2.0,2.0,3.0,1.0
100468330,0.0,0.0,0.0,0.0,0.0,0.0,2.0,2.0,1.0,1.0,2.0,2.0,3.0,1.0
100469841,0.0,0.0,0.0,1.0,3.0,2.0,2.0,2.0,1.0,1.0,2.0,2.0,3.0,1.0
100470828,0.0,0.0,0.0,0.0,0.0,0.0,0.0,1.0,1.0,1.0,2.0,2.0,3.0,1.0
100470923,2.0,2.0,3.0,2.0,3.0,2.0,2.0,2.0,1.0,1.0,2.0,2.0,3.0,1.0
100472207,1.0,0.0,0.0,0.0,0.0,0.0,0.0,0.0,0.0,0.0,1.0,0.0,0.0,0.0
100473842,0.0,0.0,0.0,0.0,0.0,2.0,2.0,2.0,1.0,1.0,2.0,2.0,3.0,1.0
100474863,2.0,2.0,3.0,2.0,3.0,2.0,2.0,2.0,1.0,1.0,2.0,2.0,3.0,1.0
100475107,0.0,0.0,0.0,0.0,0.0,0.0,0.0,0.0,0.0,1.0,2.0,2.0,3.0,1.0
100477996,0.0,0.0,0.0,0.0,1.0,2.0,2.0,2.0,1.0,1.0,2.0,2.0,3.0,1.0
100480748,0.0,0.0,0.0,0.0,0.0,0.0,0.0,0.0,0.0,0.0,1.0,2.0,3.0,1.0
100483571,0.0,0.0,0.0,2.0,3.0,2.0,2.0,2.0,1.0,1.0,2.0,2.0,3.0,1.0
100484983,1.0,0.0,0.0,2.0,3.0,2.0,2.0,2.0,1.0,1.0,3.0,2.0,3.0,1.0
100485297,2.0,2.0,3.0,2.0,3.0,2.0,2.0,2.0,1.0,1.0,2.0,2.0,3.0,1.0
100485446,2.0,2.0,3.0,2.0,3.0,2.0,2.0,2.0,1.0,1.0,2.0,2.0,3.0,1.0
100485587,2.0,2.0,3.0,2.0,3.0,2.0,2.0,2.0,1.0,1.0,2.0,2.0,3.0,1.0
100486237,0.0,0.0,0.0,0.0,0.0,0.0,0.0,0.0,0.0,0.0,1.0,2.0,3.0,1.0
100488203,2.0,2.0,3.0,2.0,3.0,2.0,2.0,2.0,1.0,1.0,2.0,2.0,3.0,1.0
100489466,0.0,0.0,0.0,0.0,0.0,0.0,0.0,0.0,0.0,0.0,0.0,0.0,0.0,1.0
100489612,2.0,2.0,3.0,2.0,3.0,2.0,2.0,2.0,1.0,1.0,2.0,2.0,3.0,1.0
100489777,0.0,0.0,0.0,0.0,0.0,0.0,0.0,0.0,0.0,0.0,0.0,2.0,3.0,1.0
100491707,0.0,0.0,0.0,0.0,0.0,0.0,0.0,0.0,0.0,0.0,0.0,0.0,3.0,1.0
100493390,2.0,2.0,3.0,2.0,3.0,2.0,2.0,2.0,1.0,1.0,2.0,2.0,3.0,1.0
100496315,0.0,0.0,2.0,2.0,3.0,2.0,2.0,2.0,1.0,1.0,2.0,2.0,3.0,1.0
100498267,0.0,0.0,0.0,0.0,0.0,0.0,2.0,2.0,1.0,1.0,2.0,2.0,3.0,1.0
100501962,0.0,0.0,0.0,2.0,3.0,2.0,2.0,2.0,1.0,1.0,2.0,2.0,3.0,1.0
100503419,0.0,0.0,0.0,0.0,0.0,0.0,2.0,2.0,1.0,1.0,2.0,2.0,3.0,1.0
100503442,2.0,2.0,2.0,2.0,3.0,2.0,2.0,2.0,1.0,1.0,2.0,2.0,3.0,1.0
100504787,0.0,0.0,0.0,0.0,0.0,0.0,0.0,0.0,0.0,0.0,1.0,2.0,3.0,1.0
100512233,0.0,0.0,0.0,0.0,3.0,2.0,2.0,2.0,1.0,1.0,2.0,2.0,3.0,1.0
100516684,0.0,0.0,0.0,0.0,0.0,0.0,0.0,0.0,0.0,0.0,1.0,2.0,3.0,1.0
100521527,0.0,0.0,0.0,0.0,0.0,0.0,0.0,0.0,0.0,0.0,2.0,2.0,3.0,1.0
100523998,0.0,0.0,0.0,0.0,0.0,0.0,0.0,0.0,0.0,0.0,1.0,2.0,3.0,1.0
100529925,2.0,2.0,3.0,2.0,3.0,2.0,2.0,2.0,1.0,1.0,2.0,2.0,3.0,1.0
100530006,2.0,2.0,3.0,2.0,3.0,2.0,2.0,2.0,1.0,1.0,2.0,2.0,3.0,1.0
100536759,0.0,0.0,0.0,0.0,1.0,2.0,2.0,2.0,1.0,1.0,2.0,2.0,3.0,1.0
100540885,0.0,0.0,0.0,0.0,0.0,0.0,0.0,1.0,1.0,1.0,2.0,2.0,3.0,1.0
100545525,1.0,2.0,3.0,2.0,3.0,2.0,2.0,2.0,1.0,1.0,2.0,2.0,3.0,1.0
100546305,0.0,0.0,0.0,0.0,0.0,0.0,0.0,0.0,0.0,0.0,0.0,0.0,2.0,1.0
100546534,2.0,2.0,3.0,2.0,3.0,2.0,2.0,2.0,1.0,1.0,2.0,2.0,3.0,1.0
100550855,0.0,2.0,3.0,2.0,3.0,2.0,2.0,2.0,1.0,1.0,2.0,2.0,3.0,1.0
100552059,0.0,0.0,0.0,2.0,3.0,2.0,2.0,2.0,1.0,1.0,2.0,2.0,3.0,1.0
100554085,0.0,0.0,0.0,0.0,0.0,0.0,0.0,0.0,0.0,0.0,1.0,2.0,3.0,1.0
100562365,0.0,0.0,0.0,0.0,0.0,0.0,0.0,0.0,0.0,1.0,2.0,2.0,3.0,1.0
100565543,0.0,0.0,0.0,0.0,0.0,0.0,0.0,0.0,0.0,0.0,1.0,2.0,3.0,1.0
100575767,2.0,2.0,3.0,2.0,3.0,2.0,2.0,2.0,1.0,1.0,2.0,2.0,3.0,1.0
100578029,0.0,0.0,0.0,0.0,0.0,0.0,0.0,0.0,0.0,0.0,0.0,0.0,2.0,1.0
100578532,1.0,2.0,3.0,2.0,3.0,2.0,2.0,2.0,1.0,1.0,2.0,2.0,3.0,1.0
100579867,0.0,0.0,0.0,0.0,0.0,2.0,2.0,2.0,1.0,1.0,2.0,2.0,3.0,1.0
100591098,0.0,0.0,0.0,0.0,3.0,2.0,2.0,2.0,1.0,1.0,2.0,2.0,3.0,1.0
100595990,2.0,2.0,3.0,2.0,3.0,2.0,2.0,2.0,1.0,1.0,2.0,2.0,3.0,1.0
100602492,0.0,0.0,3.0,2.0,3.0,2.0,2.0,2.0,1.0,1.0,2.0,2.0,3.0,1.0
100613783,0.0,0.0,2.0,2.0,3.0,2.0,2.0,2.0,1.0,1.0,2.0,2.0,3.0,1.0
100620095,0.0,0.0,0.0,1.0,3.0,2.0,2.0,2.0,1.0,1.0,2.0,1.0,0.0,0.0
100622042,0.0,0.0,3.0,2.0,3.0,2.0,2.0,2.0,1.0,1.0,2.0,2.0,3.0,1.0
100623301,2.0,2.0,3.0,2.0,3.0,2.0,2.0,2.0,1.0,1.0,2.0,2.0,3.0,1.0
100623575,0.0,2.0,3.0,2.0,3.0,2.0,2.0,2.0,1.0,1.0,2.0,2.0,3.0,1.0
100631283,0.0,0.0,0.0,0.0,0.0,1.0,2.0,2.0,1.0,1.0,2.0,2.0,3.0,1.0
100634068,0.0,0.0,0.0,0.0,0.0,0.0,0.0,0.0,0.0,0.0,0.0,0.0,1.0,1.0
100634907,0.0,1.0,3.0,2.0,3.0,2.0,2.0,2.0,1.0,1.0,2.0,2.0,3.0,1.0
100637364,1.0,0.0,0.0,0.0,0.0,0.0,0.0,0.0,0.0,0.0,0.0,0.0,0.0,0.0
100638386,0.0,0.0,0.0,0.0,0.0,0.0,2.0,2.0,1.0,1.0,2.0,2.0,3.0,1.0
100638553,2.0,2.0,3.0,2.0,3.0,2.0,2.0,2.0,1.0,1.0,2.0,2.0,3.0,1.0
100639452,0.0,0.0,0.0,0.0,0.0,0.0,2.0,2.0,1.0,1.0,2.0,2.0,3.0,1.0
100640765,0.0,0.0,0.0,0.0,0.0,0.0,0.0,0.0,0.0,0.0,0.0,0.0,2.0,1.0
100642876,2.0,2.0,3.0,2.0,3.0,2.0,2.0,2.0,1.0,1.0,2.0,2.0,3.0,1.0
100647794,0.0,0.0,0.0,0.0,0.0,0.0,0.0,0.0,0.0,0.0,0.0,0.0,1.0,1.0
100648248,2.0,2.0,3.0,2.0,3.0,2.0,2.0,2.0,1.0,1.0,2.0,2.0,3.0,1.0
100650339,2.0,2.0,3.0,2.0,3.0,1.0,1.0,2.0,1.0,1.0,1.0,2.0,3.0,1.0
100657161,0.0,0.0,0.0,0.0,0.0,0.0,0.0,0.0,0.0,0.0,0.0,2.0,3.0,1.0
100664235,0.0,0.0,0.0,0.0,0.0,0.0,0.0,0.0,0.0,0.0,0.0,0.0,2.0,1.0
100670810,0.0,0.0,0.0,0.0,0.0,0.0,0.0,0.0,0.0,0.0,0.0,0.0,2.0,1.0
100679012,0.0,0.0,0.0,0.0,0.0,0.0,2.0,2.0,1.0,1.0,2.0,2.0,3.0,1.0
100686291,2.0,2.0,3.0,2.0,3.0,2.0,2.0,2.0,1.0,1.0,2.0,2.0,3.0,1.0
100687000,2.0,2.0,3.0,2.0,3.0,2.0,2.0,2.0,1.0,1.0,2.0,2.0,3.0,1.0
100689676,0.0,0.0,0.0,0.0,0.0,0.0,0.0,0.0,0.0,0.0,0.0,0.0,0.0,1.0
100693378,0.0,0.0,0.0,0.0,0.0,0.0,0.0,1.0,1.0,1.0,2.0,2.0,3.0,1.0
100707986,0.0,0.0,0.0,0.0,0.0,0.0,1.0,2.0,1.0,1.0,2.0,2.0,3.0,1.0
100714860,0.0,0.0,0.0,0.0,0.0,0.0,0.0,0.0,0.0,0.0,0.0,0.0,0.0,1.0
100724173,2.0,2.0,3.0,2.0,3.0,2.0,2.0,2.0,1.0,1.0,2.0,2.0,3.0,1.0
100730304,0.0,0.0,0.0,2.0,3.0,2.0,2.0,2.0,1.0,1.0,2.0,2.0,3.0,1.0
100738611,0.0,0.0,0.0,0.0,0.0,2.0,2.0,2.0,1.0,1.0,2.0,2.0,3.0,1.0
100738961,2.0,2.0,3.0,2.0,3.0,2.0,2.0,2.0,1.0,1.0,2.0,2.0,3.0,1.0
100739154,0.0,0.0,0.0,0.0,0.0,0.0,0.0,0.0,0.0,0.0,0.0,0.0,3.0,1.0
100740939,0.0,0.0,0.0,0.0,0.0,0.0,0.0,0.0,0.0,0.0,1.0,2.0,3.0,1.0
100744774,0.0,0.0,0.0,0.0,0.0,0.0,0.0,0.0,1.0,1.0,2.0,2.0,3.0,1.0
100753078,0.0,0.0,0.0,0.0,0.0,0.0,0.0,0.0,0.0,0.0,0.0,0.0,2.0,1.0
100757249,0.0,0.0,0.0,0.0,0.0,0.0,0.0,0.0,0.0,0.0,2.0,2.0,3.0,1.0
100761208,2.0,2.0,3.0,2.0,3.0,2.0,2.0,2.0,1.0,1.0,2.0,2.0,3.0,1.0
100764632,0.0,0.0,0.0,0.0,2.0,2.0,2.0,2.0,1.0,1.0,2.0,2.0,3.0,1.0
100764966,0.0,0.0,0.0,0.0,0.0,0.0,0.0,0.0,0.0,0.0,0.0,0.0,2.0,1.0
100766768,0.0,0.0,0.0,0.0,0.0,0.0,0.0,0.0,0.0,0.0,0.0,0.0,2.0,1.0
100772903,0.0,0.0,0.0,0.0,2.0,2.0,2.0,2.0,1.0,1.0,2.0,2.0,3.0,1.0
100773945,2.0,2.0,3.0,2.0,3.0,2.0,2.0,2.0,1.0,1.0,2.0,2.0,3.0,1.0
100776511,2.0,2.0,3.0,2.0,3.0,2.0,2.0,2.0,1.0,1.0,2.0,2.0,3.0,1.0
100778945,0.0,0.0,0.0,0.0,0.0,0.0,0.0,0.0,0.0,0.0,0.0,0.0,2.0,1.0
100788454,1.0,0.0,0.0,0.0,0.0,0.0,0.0,0.0,0.0,0.0,0.0,0.0,0.0,0.0
100802404,0.0,0.0,3.0,2.0,3.0,2.0,2.0,2.0,1.0,1.0,2.0,2.0,3.0,1.0
100804829,1.0,0.0,0.0,0.0,0.0,0.0,0.0,0.0,0.0,0.0,1.0,2.0,3.0,1.0
100812058,0.0,0.0,0.0,0.0,0.0,0.0,0.0,0.0,0.0,0.0,0.0,1.0,3.0,1.0
100813739,0.0,0.0,0.0,2.0,3.0,2.0,2.0,2.0,1.0,1.0,2.0,2.0,3.0,1.0
100819601,0.0,0.0,0.0,0.0,0.0,0.0,0.0,0.0,0.0,0.0,1.0,2.0,3.0,1.0
100828620,0.0,0.0,0.0,0.0,0.0,0.0,0.0,0.0,0.0,0.0,0.0,1.0,3.0,1.0
100832362,0.0,0.0,0.0,0.0,0.0,0.0,2.0,2.0,1.0,1.0,2.0,2.0,3.0,1.0
100833417,0.0,0.0,2.0,2.0,3.0,2.0,2.0,2.0,1.0,1.0,2.0,2.0,3.0,1.0
100845839,0.0,0.0,0.0,0.0,0.0,0.0,0.0,0.0,0.0,0.0,2.0,2.0,3.0,1.0
100847005,0.0,0.0,0.0,0.0,0.0,0.0,0.0,0.0,0.0,0.0,0.0,0.0,2.0,1.0
100847432,2.0,2.0,3.0,2.0,3.0,2.0,2.0,2.0,1.0,1.0,2.0,2.0,3.0,1.0
100863124,0.0,0.0,0.0,0.0,2.0,2.0,2.0,2.0,1.0,1.0,2.0,2.0,3.0,1.0
100863290,2.0,1.0,3.0,2.0,3.0,2.0,2.0,2.0,1.0,1.0,2.0,2.0,3.0,1.0
100866066,0.0,0.0,0.0,0.0,0.0,0.0,0.0,1.0,1.0,1.0,2.0,2.0,3.0,1.0
100871404,2.0,2.0,3.0,2.0,3.0,2.0,2.0,2.0,1.0,1.0,2.0,2.0,3.0,1.0
100882040,0.0,0.0,0.0,0.0,0.0,0.0,0.0,0.0,0.0,1.0,2.0,2.0,3.0,1.0
100893820,2.0,2.0,3.0,2.0,3.0,2.0,2.0,2.0,1.0,1.0,2.0,2.0,3.0,1.0
100901008,0.0,0.0,0.0,0.0,0.0,0.0,0.0,0.0,0.0,1.0,2.0,2.0,3.0,1.0
100909276,2.0,2.0,3.0,2.0,3.0,2.0,2.0,2.0,1.0,1.0,2.0,2.0,3.0,1.0
100913578,1.0,2.0,3.0,2.0,3.0,2.0,2.0,2.0,1.0,1.0,2.0,2.0,3.0,1.0
100918357,0.0,0.0,1.0,2.0,3.0,2.0,2.0,2.0,1.0,1.0,2.0,2.0,3.0,1.0
100923149,0.0,0.0,0.0,0.0,0.0,2.0,2.0,2.0,1.0,1.0,2.0,2.0,3.0,1.0
100924719,0.0,0.0,0.0,0.0,0.0,0.0,0.0,0.0,0.0,0.0,0.0,2.0,3.0,1.0
100927403,0.0,0.0,0.0,0.0,0.0,0.0,0.0,0.0,0.0,1.0,1.0,0.0,0.0,0.0
100928451,2.0,2.0,3.0,2.0,3.0,2.0,2.0,2.0,1.0,1.0,2.0,2.0,3.0,1.0
100945901,0.0,0.0,0.0,0.0,0.0,0.0,0.0,0.0,0.0,0.0,0.0,0.0,1.0,1.0
100948550,2.0,2.0,3.0,2.0,3.0,2.0,2.0,2.0,1.0,1.0,2.0,2.0,3.0,1.0
100950119,2.0,2.0,3.0,2.0,3.0,2.0,2.0,2.0,1.0,1.0,2.0,2.0,3.0,1.0
100950544,1.0,2.0,3.0,2.0,3.0,2.0,2.0,2.0,1.0,1.0,2.0,2.0,3.0,1.0
100959064,2.0,2.0,3.0,2.0,3.0,2.0,2.0,2.0,1.0,1.0,2.0,2.0,3.0,1.0
100965153,2.0,2.0,3.0,2.0,3.0,2.0,2.0,2.0,1.0,1.0,2.0,2.0,3.0,1.0
100965405,0.0,0.0,0.0,0.0,0.0,0.0,1.0,2.0,1.0,1.0,2.0,2.0,3.0,1.0
100972087,2.0,2.0,3.0,2.0,3.0,2.0,2.0,2.0,1.0,1.0,2.0,2.0,3.0,1.0
100990439,2.0,2.0,3.0,2.0,3.0,2.0,2.0,2.0,1.0,1.0,2.0,2.0,3.0,1.0
100992026,0.0,0.0,0.0,0.0,0.0,0.0,0.0,0.0,0.0,0.0,1.0,2.0,3.0,1.0
100993675,2.0,2.0,3.0,2.0,3.0,2.0,2.0,2.0,0.0,1.0,2.0,2.0,3.0,1.0
100994602,2.0,2.0,3.0,2.0,3.0,2.0,2.0,2.0,1.0,1.0,2.0,2.0,3.0,1.0
100996605,2.0,2.0,3.0,2.0,3.0,2.0,2.0,2.0,1.0,1.0,2.0,2.0,3.0,1.0
101002929,2.0,2.0,3.0,2.0,3.0,2.0,2.0,2.0,1.0,1.0,2.0,2.0,3.0,1.0
101008365,0.0,0.0,0.0,0.0,0.0,0.0,0.0,0.0,0.0,1.0,2.0,2.0,3.0,1.0
101009412,0.0,0.0,0.0,0.0,0.0,0.0,0.0,0.0,0.0,0.0,0.0,2.0,3.0,1.0
101011175,0.0,0.0,0.0,0.0,0.0,2.0,2.0,2.0,1.0,1.0,2.0,2.0,3.0,1.0
101020069,2.0,2.0,3.0,2.0,3.0,2.0,2.0,2.0,1.0,1.0,2.0,2.0,3.0,1.0
101033088,0.0,2.0,3.0,2.0,3.0,2.0,2.0,2.0,1.0,1.0,2.0,2.0,3.0,1.0
101045665,0.0,0.0,0.0,0.0,0.0,0.0,0.0,0.0,0.0,0.0,0.0,0.0,0.0,1.0
101047502,0.0,0.0,1.0,2.0,3.0,2.0,2.0,2.0,1.0,1.0,2.0,2.0,3.0,1.0
101050156,2.0,2.0,3.0,2.0,3.0,2.0,2.0,2.0,1.0,1.0,2.0,2.0,3.0,1.0
101080830,0.0,0.0,0.0,0.0,0.0,0.0,0.0,0.0,0.0,0.0,0.0,0.0,3.0,1.0
101081635,0.0,0.0,0.0,0.0,0.0,0.0,0.0,0.0,0.0,0.0,0.0,2.0,3.0,1.0
101090430,2.0,2.0,3.0,2.0,3.0,2.0,2.0,2.0,1.0,1.0,2.0,2.0,3.0,1.0
101091793,0.0,0.0,0.0,0.0,0.0,0.0,0.0,0.0,0.0,0.0,1.0,2.0,3.0,1.0
101099044,0.0,0.0,0.0,0.0,0.0,0.0,0.0,0.0,0.0,0.0,0.0,2.0,3.0,1.0
101106777,0.0,0.0,0.0,0.0,0.0,0.0,0.0,0.0,0.0,0.0,0.0,0.0,2.0,1.0
101108469,2.0,2.0,3.0,2.0,3.0,2.0,2.0,2.0,1.0,1.0,2.0,2.0,3.0,1.0
101112231,2.0,2.0,3.0,2.0,3.0,2.0,2.0,2.0,1.0,1.0,2.0,2.0,3.0,1.0
101115085,0.0,0.0,0.0,1.0,3.0,2.0,2.0,2.0,1.0,1.0,2.0,2.0,3.0,1.0
101115508,0.0,0.0,2.0,2.0,3.0,2.0,2.0,2.0,1.0,1.0,2.0,2.0,3.0,1.0
101118171,0.0,2.0,3.0,2.0,3.0,2.0,2.0,2.0,1.0,1.0,2.0,2.0,3.0,1.0
101124668,2.0,2.0,3.0,2.0,3.0,2.0,2.0,2.0,1.0,1.0,2.0,2.0,3.0,1.0
101127823,2.0,2.0,3.0,2.0,3.0,2.0,2.0,2.0,1.0,1.0,2.0,2.0,3.0,1.0
101129406,2.0,2.0,3.0,2.0,3.0,2.0,2.0,2.0,1.0,1.0,2.0,2.0,3.0,1.0
101136699,0.0,0.0,0.0,0.0,0.0,0.0,0.0,0.0,0.0,0.0,0.0,0.0,0.0,1.0
101140790,0.0,0.0,0.0,0.0,0.0,0.0,0.0,0.0,0.0,0.0,0.0,0.0,2.0,1.0
101147853,0.0,0.0,0.0,0.0,0.0,0.0,0.0,0.0,0.0,0.0,0.0,0.0,1.0,1.0
101148498,2.0,2.0,3.0,2.0,3.0,2.0,2.0,2.0,1.0,1.0,3.0,2.0,3.0,1.0
101155576,2.0,2.0,3.0,2.0,3.0,2.0,2.0,2.0,1.0,1.0,2.0,2.0,3.0,1.0
101155862,0.0,0.0,0.0,2.0,3.0,2.0,2.0,2.0,1.0,1.0,2.0,2.0,3.0,1.0
101158353,0.0,0.0,0.0,0.0,0.0,0.0,0.0,0.0,0.0,0.0,0.0,2.0,3.0,1.0
101164163,0.0,0.0,0.0,0.0,0.0,0.0,2.0,2.0,1.0,1.0,2.0,2.0,3.0,1.0
101165245,0.0,0.0,0.0,2.0,3.0,2.0,2.0,2.0,1.0,1.0,2.0,2.0,3.0,1.0
101169246,2.0,2.0,3.0,2.0,3.0,2.0,2.0,2.0,1.0,1.0,2.0,2.0,3.0,1.0
101170121,1.0,2.0,3.0,2.0,3.0,2.0,2.0,2.0,1.0,1.0,2.0,2.0,3.0,1.0
101176149,1.0,2.0,3.0,2.0,3.0,2.0,2.0,2.0,1.0,1.0,2.0,2.0,3.0,1.0
101179993,0.0,0.0,0.0,0.0,1.0,2.0,2.0,2.0,1.0,1.0,2.0,2.0,3.0,1.0
101184509,0.0,0.0,0.0,0.0,0.0,0.0,0.0,0.0,0.0,0.0,0.0,1.0,3.0,1.0
101190126,2.0,2.0,3.0,2.0,3.0,2.0,2.0,2.0,1.0,1.0,2.0,2.0,3.0,1.0
101198881,2.0,2.0,3.0,2.0,3.0,2.0,2.0,2.0,1.0,1.0,2.0,2.0,3.0,1.0
101201409,0.0,0.0,0.0,0.0,0.0,0.0,0.0,0.0,0.0,0.0,0.0,0.0,0.0,1.0
101202141,2.0,2.0,3.0,2.0,3.0,2.0,2.0,2.0,1.0,1.0,2.0,2.0,3.0,1.0
101204027,2.0,2.0,3.0,2.0,3.0,2.0,2.0,2.0,1.0,1.0,2.0,2.0,3.0,1.0
101204688,0.0,0.0,0.0,0.0,0.0,0.0,0.0,1.0,1.0,1.0,2.0,2.0,3.0,1.0
101205461,2.0,2.0,3.0,2.0,3.0,2.0,2.0,2.0,1.0,1.0,2.0,2.0,3.0,1.0
101205715,0.0,0.0,0.0,0.0,0.0,0.0,0.0,0.0,0.0,0.0,0.0,0.0,2.0,1.0
101209057,0.0,0.0,0.0,0.0,0.0,0.0,0.0,0.0,0.0,0.0,1.0,2.0,3.0,1.0
101210136,0.0,2.0,3.0,2.0,3.0,2.0,2.0,2.0,1.0,1.0,2.0,2.0,3.0,1.0
101214477,0.0,0.0,0.0,0.0,0.0,0.0,1.0,2.0,1.0,1.0,2.0,2.0,3.0,1.0
101216481,0.0,0.0,0.0,0.0,1.0,2.0,2.0,2.0,1.0,1.0,2.0,2.0,3.0,1.0
101221312,0.0,0.0,0.0,0.0,0.0,0.0,0.0,0.0,0.0,0.0,0.0,0.0,3.0,1.0
101227265,2.0,2.0,3.0,2.0,3.0,2.0,2.0,2.0,1.0,1.0,2.0,2.0,3.0,1.0
101227961,0.0,0.0,0.0,1.0,0.0,0.0,0.0,0.0,0.0,1.0,2.0,2.0,3.0,1.0
101228625,0.0,0.0,3.0,2.0,3.0,2.0,2.0,2.0,1.0,1.0,2.0,2.0,3.0,1.0
101235847,2.0,2.0,3.0,2.0,3.0,2.0,2.0,2.0,1.0,1.0,2.0,2.0,3.0,1.0
101240336,2.0,2.0,3.0,2.0,3.0,2.0,2.0,2.0,1.0,1.0,2.0,2.0,3.0,1.0
101246826,2.0,2.0,3.0,2.0,3.0,2.0,2.0,2.0,1.0,1.0,2.0,2.0,3.0,1.0
101250814,2.0,2.0,3.0,2.0,3.0,2.0,2.0,2.0,1.0,1.0,2.0,2.0,3.0,1.0
101251360,0.0,0.0,2.0,2.0,3.0,2.0,2.0,2.0,1.0,1.0,2.0,2.0,3.0,1.0
101251436,0.0,0.0,0.0,0.0,0.0,0.0,0.0,2.0,1.0,1.0,2.0,2.0,3.0,1.0
101251648,0.0,0.0,0.0,0.0,0.0,0.0,0.0,0.0,0.0,0.0,0.0,0.0,0.0,1.0
101255322,0.0,0.0,1.0,2.0,3.0,2.0,2.0,2.0,1.0,1.0,2.0,2.0,3.0,1.0
101256209,0.0,0.0,0.0,0.0,0.0,0.0,0.0,0.0,0.0,0.0,0.0,0.0,0.0,1.0
101262156,0.0,0.0,0.0,0.0,0.0,0.0,0.0,0.0,0.0,0.0,1.0,2.0,3.0,1.0
101262581,0.0,0.0,0.0,0.0,0.0,0.0,0.0,0.0,0.0,0.0,2.0,2.0,3.0,1.0
101262921,2.0,2.0,3.0,2.0,3.0,2.0,2.0,2.0,1.0,1.0,2.0,2.0,3.0,1.0
101263575,0.0,0.0,2.0,2.0,3.0,2.0,2.0,2.0,1.0,1.0,2.0,2.0,3.0,1.0
101265763,2.0,2.0,3.0,2.0,3.0,2.0,2.0,2.0,1.0,1.0,2.0,2.0,3.0,1.0
101266438,0.0,0.0,0.0,0.0,1.0,2.0,2.0,2.0,1.0,1.0,2.0,2.0,3.0,1.0
101267045,0.0,0.0,0.0,0.0,0.0,0.0,0.0,0.0,0.0,0.0,0.0,2.0,3.0,1.0
101268033,0.0,0.0,0.0,0.0,2.0,2.0,2.0,2.0,1.0,1.0,2.0,2.0,3.0,1.0
101270467,2.0,2.0,3.0,2.0,3.0,2.0,2.0,2.0,1.0,1.0,2.0,2.0,3.0,1.0
101272914,0.0,0.0,0.0,0.0,0.0,0.0,2.0,2.0,1.0,1.0,2.0,2.0,3.0,1.0
101274270,0.0,0.0,0.0,0.0,0.0,0.0,1.0,2.0,1.0,1.0,2.0,2.0,3.0,1.0
101274447,2.0,2.0,3.0,2.0,3.0,2.0,2.0,2.0,1.0,1.0,2.0,2.0,3.0,1.0
101274711,0.0,0.0,0.0,1.0,3.0,2.0,2.0,2.0,1.0,1.0,2.0,2.0,3.0,1.0
101275509,2.0,2.0,3.0,2.0,3.0,2.0,2.0,2.0,1.0,1.0,2.0,2.0,3.0,1.0
101276818,0.0,0.0,0.0,0.0,2.0,2.0,2.0,2.0,1.0,1.0,2.0,2.0,3.0,1.0
101277150,2.0,2.0,3.0,2.0,3.0,2.0,2.0,2.0,1.0,1.0,2.0,2.0,3.0,1.0
101280393,2.0,2.0,3.0,2.0,3.0,2.0,2.0,2.0,1.0,1.0,2.0,2.0,3.0,1.0
101282250,0.0,0.0,0.0,0.0,0.0,0.0,2.0,2.0,1.0,1.0,2.0,2.0,3.0,1.0
101282811,1.0,0.0,0.0,0.0,0.0,0.0,0.0,0.0,0.0,0.0,0.0,0.0,0.0,0.0
101284236,0.0,0.0,0.0,0.0,0.0,0.0,0.0,0.0,0.0,0.0,2.0,2.0,3.0,1.0
101284420,0.0,0.0,0.0,0.0,0.0,0.0,0.0,0.0,0.0,0.0,0.0,0.0,0.0,1.0
101286571,2.0,2.0,3.0,2.0,3.0,2.0,2.0,2.0,1.0,1.0,2.0,2.0,3.0,1.0
101291533,1.0,2.0,3.0,2.0,3.0,2.0,2.0,2.0,1.0,1.0,2.0,2.0,3.0,1.0
101292922,0.0,2.0,3.0,2.0,3.0,2.0,2.0,2.0,1.0,1.0,2.0,2.0,3.0,1.0
101295934,1.0,2.0,3.0,2.0,3.0,2.0,2.0,2.0,1.0,1.0,2.0,2.0,3.0,1.0
101300231,0.0,0.0,0.0,0.0,0.0,0.0,0.0,0.0,0.0,0.0,0.0,0.0,0.0,1.0
101301073,2.0,2.0,3.0,2.0,3.0,2.0,2.0,2.0,1.0,1.0,2.0,2.0,3.0,1.0
101301412,0.0,0.0,0.0,0.0,0.0,0.0,0.0,0.0,0.0,0.0,0.0,1.0,3.0,1.0
101301684,0.0,0.0,0.0,0.0,0.0,0.0,2.0,2.0,1.0,1.0,2.0,2.0,3.0,1.0
101302052,0.0,0.0,0.0,0.0,0.0,0.0,0.0,0.0,0.0,0.0,0.0,0.0,2.0,1.0
101306767,0.0,0.0,0.0,0.0,0.0,0.0,0.0,0.0,0.0,0.0,0.0,1.0,3.0,1.0
101312788,0.0,0.0,0.0,0.0,0.0,0.0,0.0,0.0,0.0,0.0,0.0,0.0,2.0,1.0
101313360,2.0,0.0,0.0,0.0,0.0,0.0,0.0,0.0,0.0,0.0,0.0,0.0,0.0,0.0
101314535,1.0,2.0,3.0,2.0,3.0,2.0,2.0,2.0,1.0,1.0,2.0,2.0,3.0,1.0
101314966,2.0,2.0,3.0,2.0,3.0,2.0,2.0,2.0,1.0,1.0,2.0,2.0,3.0,1.0
101316992,0.0,0.0,0.0,0.0,0.0,0.0,0.0,0.0,0.0,0.0,0.0,1.0,3.0,1.0
101317478,0.0,0.0,2.0,2.0,3.0,2.0,2.0,2.0,1.0,1.0,2.0,2.0,3.0,1.0
101319225,2.0,2.0,3.0,2.0,3.0,2.0,2.0,2.0,1.0,1.0,2.0,2.0,3.0,1.0
101322264,0.0,0.0,0.0,0.0,1.0,2.0,2.0,2.0,1.0,1.0,2.0,2.0,3.0,1.0
101322427,0.0,0.0,0.0,0.0,0.0,0.0,0.0,0.0,0.0,0.0,0.0,0.0,2.0,1.0
101328897,0.0,0.0,0.0,0.0,0.0,0.0,0.0,0.0,0.0,0.0,0.0,2.0,3.0,1.0
101329119,0.0,2.0,3.0,2.0,3.0,2.0,2.0,0.0,0.0,0.0,0.0,0.0,3.0,1.0
101335474,0.0,0.0,0.0,0.0,0.0,0.0,0.0,0.0,0.0,0.0,1.0,2.0,3.0,1.0
101336263,1.0,2.0,3.0,2.0,3.0,2.0,2.0,2.0,1.0,1.0,2.0,2.0,3.0,1.0
101336362,0.0,0.0,0.0,0.0,0.0,0.0,0.0,0.0,0.0,0.0,0.0,0.0,0.0,1.0
101339298,0.0,2.0,3.0,2.0,3.0,2.0,2.0,2.0,1.0,1.0,2.0,2.0,3.0,1.0
101343421,2.0,2.0,3.0,2.0,3.0,2.0,2.0,2.0,1.0,1.0,2.0,2.0,3.0,1.0
101348707,0.0,0.0,0.0,0.0,0.0,0.0,0.0,0.0,0.0,1.0,2.0,2.0,3.0,1.0
101349531,0.0,0.0,0.0,0.0,0.0,0.0,0.0,0.0,0.0,0.0,2.0,2.0,3.0,1.0
101349643,2.0,2.0,3.0,2.0,3.0,2.0,2.0,2.0,1.0,1.0,2.0,2.0,3.0,1.0
101350876,2.0,2.0,3.0,2.0,3.0,2.0,2.0,2.0,1.0,1.0,2.0,2.0,3.0,1.0
101351995,0.0,0.0,0.0,0.0,0.0,0.0,0.0,0.0,0.0,0.0,0.0,0.0,1.0,1.0
101352498,0.0,0.0,0.0,0.0,1.0,2.0,2.0,2.0,1.0,1.0,2.0,2.0,3.0,1.0
101353042,0.0,0.0,0.0,0.0,0.0,0.0,0.0,2.0,1.0,1.0,2.0,2.0,3.0,1.0
101353968,0.0,0.0,0.0,0.0,0.0,0.0,0.0,0.0,0.0,0.0,0.0,2.0,3.0,1.0
101836586,0.0,0.0,1.0,2.0,3.0,2.0,2.0,2.0,1.0,1.0,2.0,2.0,3.0,1.0
101838933,0.0,0.0,0.0,0.0,0.0,0.0,0.0,0.0,0.0,0.0,0.0,0.0,0.0,1.0
101838974,1.0,2.0,3.0,2.0,3.0,2.0,2.0,2.0,1.0,1.0,2.0,2.0,3.0,1.0
101843632,0.0,2.0,3.0,2.0,3.0,2.0,2.0,2.0,1.0,1.0,2.0,2.0,3.0,1.0
107204595,2.0,2.0,3.0,2.0,3.0,2.0,2.0,2.0,1.0,1.0,2.0,2.0,3.0,1.0
107205664,3.0,2.0,3.0,2.0,3.0,2.0,2.0,2.0,1.0,1.0,3.0,2.0,3.0,1.0
107206190,2.0,2.0,3.0,2.0,3.0,2.0,2.0,2.0,1.0,1.0,2.0,2.0,3.0,1.0
107206258,1.0,0.0,0.0,0.0,0.0,0.0,0.0,0.0,0.0,0.0,1.0,0.0,0.0,0.0
107206333,2.0,2.0,3.0,2.0,3.0,2.0,2.0,2.0,1.0,1.0,2.0,2.0,3.0,1.0
107206472,2.0,2.0,3.0,2.0,3.0,2.0,2.0,2.0,1.0,1.0,2.0,2.0,3.0,1.0
107206715,2.0,2.0,3.0,2.0,3.0,2.0,2.0,2.0,1.0,1.0,2.0,2.0,3.0,1.0
107206785,2.0,2.0,3.0,2.0,3.0,2.0,2.0,2.0,1.0,1.0,2.0,2.0,3.0,1.0
107206964,2.0,2.0,3.0,2.0,3.0,2.0,2.0,2.0,1.0,1.0,2.0,2.0,3.0,1.0
107207138,2.0,2.0,3.0,2.0,3.0,2.0,2.0,2.0,1.0,1.0,2.0,2.0,3.0,1.0
107207406,2.0,2.0,3.0,2.0,3.0,2.0,2.0,2.0,1.0,1.0,2.0,2.0,3.0,1.0
107207486,2.0,2.0,3.0,2.0,3.0,2.0,2.0,2.0,1.0,1.0,2.0,2.0,3.0,1.0
107207696,2.0,2.0,3.0,2.0,3.0,2.0,2.0,2.0,1.0,1.0,2.0,2.0,3.0,1.0
107207751,2.0,2.0,3.0,2.0,3.0,2.0,2.0,2.0,1.0,1.0,2.0,2.0,3.0,1.0
107208411,2.0,2.0,3.0,2.0,3.0,2.0,2.0,2.0,1.0,1.0,2.0,2.0,3.0,1.0
107208540,2.0,2.0,3.0,2.0,3.0,2.0,2.0,2.0,1.0,1.0,2.0,2.0,3.0,1.0
107208630,2.0,2.0,3.0,2.0,3.0,2.0,2.0,2.0,1.0,1.0,2.0,2.0,1.0,0.0
107208699,2.0,2.0,3.0,2.0,3.0,2.0,2.0,2.0,1.0,1.0,2.0,2.0,3.0,1.0
107208724,2.0,2.0,3.0,2.0,3.0,2.0,2.0,2.0,1.0,1.0,2.0,2.0,3.0,1.0
107208794,2.0,2.0,3.0,2.0,3.0,2.0,2.0,2.0,1.0,1.0,2.0,2.0,3.0,1.0
107208868,0.0,0.0,0.0,0.0,0.0,0.0,0.0,0.0,0.0,0.0,0.0,0.0,2.0,1.0
107208873,2.0,2.0,3.0,2.0,3.0,2.0,2.0,2.0,1.0,1.0,2.0,2.0,3.0,1.0
107209245,2.0,2.0,3.0,2.0,3.0,2.0,2.0,2.0,1.0,1.0,2.0,2.0,3.0,1.0
107209260,2.0,2.0,3.0,2.0,3.0,2.0,2.0,2.0,1.0,1.0,2.0,2.0,3.0,0.0
107209754,2.0,2.0,3.0,2.0,3.0,2.0,2.0,2.0,1.0,1.0,2.0,2.0,3.0,1.0
107210447,2.0,2.0,3.0,2.0,3.0,2.0,2.0,2.0,1.0,1.0,2.0,2.0,3.0,1.0
107210760,2.0,2.0,3.0,2.0,3.0,2.0,2.0,2.0,1.0,1.0,2.0,2.0,3.0,1.0
107211050,2.0,2.0,3.0,2.0,3.0,2.0,2.0,2.0,1.0,1.0,2.0,2.0,3.0,1.0
107211060,2.0,2.0,3.0,2.0,3.0,2.0,2.0,2.0,1.0,1.0,2.0,2.0,3.0,1.0
107211170,2.0,2.0,3.0,2.0,3.0,2.0,2.0,2.0,1.0,1.0,2.0,2.0,3.0,1.0
107211549,2.0,2.0,3.0,2.0,3.0,2.0,2.0,2.0,1.0,1.0,2.0,2.0,3.0,1.0
107212935,2.0,2.0,3.0,2.0,3.0,2.0,2.0,2.0,1.0,1.0,2.0,2.0,3.0,1.0
107212985,2.0,2.0,3.0,2.0,3.0,2.0,2.0,2.0,1.0,1.0,2.0,2.0,3.0,1.0
107213328,2.0,2.0,3.0,2.0,3.0,2.0,2.0,2.0,1.0,1.0,2.0,2.0,3.0,1.0
107213768,2.0,2.0,3.0,2.0,3.0,2.0,2.0,2.0,1.0,1.0,2.0,2.0,3.0,1.0
107214811,0.0,0.0,0.0,0.0,0.0,0.0,1.0,2.0,1.0,1.0,2.0,2.0,3.0,1.0
107215480,1.0,2.0,3.0,2.0,3.0,2.0,2.0,2.0,1.0,1.0,2.0,2.0,3.0,1.0
107215940,2.0,2.0,3.0,2.0,3.0,2.0,2.0,2.0,1.0,1.0,2.0,2.0,3.0,1.0
107216025,2.0,2.0,3.0,2.0,3.0,2.0,2.0,2.0,1.0,1.0,2.0,2.0,3.0,1.0
107216717,2.0,2.0,3.0,2.0,3.0,2.0,2.0,2.0,1.0,1.0,2.0,2.0,3.0,1.0
107217180,2.0,2.0,3.0,2.0,3.0,2.0,2.0,2.0,1.0,1.0,2.0,2.0,3.0,1.0
107217430,2.0,2.0,3.0,2.0,3.0,2.0,2.0,2.0,1.0,1.0,2.0,2.0,3.0,1.0
107218542,1.0,2.0,3.0,2.0,3.0,2.0,2.0,2.0,1.0,1.0,2.0,2.0,3.0,1.0
107218797,2.0,2.0,3.0,2.0,3.0,2.0,2.0,2.0,1.0,1.0,2.0,2.0,3.0,1.0
107219017,2.0,2.0,3.0,2.0,3.0,2.0,2.0,2.0,1.0,1.0,2.0,2.0,3.0,1.0
107219569,3.0,2.0,3.0,2.0,3.0,2.0,2.0,2.0,1.0,1.0,3.0,2.0,3.0,1.0
107220291,2.0,2.0,3.0,2.0,3.0,2.0,2.0,2.0,1.0,1.0,2.0,2.0,3.0,1.0
107220390,2.0,2.0,3.0,2.0,3.0,2.0,2.0,2.0,1.0,1.0,2.0,2.0,3.0,1.0
107221433,0.0,0.0,0.0,0.0,0.0,0.0,0.0,0.0,0.0,0.0,2.0,2.0,3.0,1.0
107221971,2.0,2.0,3.0,2.0,3.0,2.0,2.0,2.0,1.0,1.0,2.0,2.0,3.0,1.0
107222188,2.0,2.0,3.0,2.0,3.0,2.0,2.0,2.0,1.0,1.0,2.0,2.0,3.0,1.0
107222451,2.0,2.0,3.0,2.0,3.0,2.0,2.0,2.0,1.0,1.0,2.0,2.0,3.0,1.0
107223188,2.0,2.0,3.0,2.0,3.0,2.0,2.0,2.0,1.0,1.0,2.0,2.0,3.0,1.0
107224017,2.0,2.0,3.0,2.0,3.0,2.0,2.0,2.0,1.0,1.0,2.0,2.0,3.0,1.0
107225682,2.0,2.0,3.0,2.0,3.0,2.0,2.0,2.0,1.0,1.0,2.0,2.0,3.0,1.0
107226197,2.0,2.0,3.0,2.0,3.0,2.0,2.0,2.0,1.0,1.0,2.0,2.0,3.0,1.0
107226552,2.0,2.0,3.0,2.0,3.0,2.0,2.0,2.0,1.0,1.0,2.0,2.0,3.0,1.0
107227645,2.0,2.0,3.0,2.0,3.0,2.0,2.0,2.0,1.0,1.0,2.0,2.0,3.0,1.0
107229089,0.0,0.0,0.0,0.0,0.0,2.0,2.0,2.0,1.0,1.0,2.0,2.0,3.0,1.0
107229094,3.0,2.0,3.0,2.0,3.0,2.0,2.0,2.0,1.0,1.0,3.0,2.0,3.0,1.0
107229867,2.0,2.0,1.0,0.0,0.0,0.0,0.0,0.0,0.0,0.0,1.0,0.0,0.0,0.0
107230292,2.0,2.0,3.0,2.0,3.0,2.0,2.0,2.0,1.0,1.0,2.0,2.0,3.0,1.0
107231553,2.0,2.0,3.0,2.0,3.0,2.0,2.0,2.0,1.0,1.0,2.0,2.0,3.0,1.0
107236368,2.0,2.0,3.0,2.0,3.0,2.0,2.0,2.0,1.0,1.0,2.0,2.0,3.0,1.0
107238396,2.0,2.0,3.0,2.0,3.0,2.0,2.0,2.0,1.0,1.0,2.0,2.0,3.0,1.0
107242217,2.0,2.0,3.0,2.0,3.0,2.0,2.0,2.0,1.0,1.0,2.0,2.0,3.0,1.0
107244504,2.0,2.0,3.0,2.0,3.0,2.0,2.0,2.0,1.0,1.0,2.0,2.0,3.0,1.0
107246607,0.0,0.0,0.0,0.0,0.0,0.0,0.0,0.0,0.0,0.0,0.0,0.0,0.0,1.0
107246844,2.0,2.0,3.0,2.0,3.0,2.0,2.0,2.0,1.0,1.0,2.0,2.0,3.0,1.0
107250061,2.0,2.0,3.0,2.0,3.0,2.0,2.0,2.0,1.0,1.0,2.0,2.0,3.0,1.0
107250474,2.0,2.0,3.0,2.0,3.0,2.0,2.0,2.0,1.0,1.0,2.0,2.0,3.0,1.0
107250548,2.0,2.0,3.0,2.0,3.0,2.0,2.0,2.0,1.0,1.0,2.0,2.0,3.0,1.0
107251819,2.0,2.0,3.0,2.0,3.0,2.0,2.0,2.0,1.0,1.0,2.0,2.0,3.0,1.0
107256804,2.0,2.0,3.0,2.0,3.0,2.0,2.0,2.0,1.0,1.0,2.0,2.0,3.0,1.0
107256839,2.0,2.0,3.0,2.0,3.0,2.0,2.0,2.0,1.0,1.0,2.0,2.0,3.0,1.0
107260940,2.0,2.0,3.0,2.0,3.0,2.0,2.0,2.0,1.0,1.0,2.0,2.0,3.0,1.0
107261791,2.0,2.0,3.0,2.0,3.0,2.0,2.0,2.0,1.0,1.0,2.0,2.0,3.0,1.0
107261856,2.0,2.0,3.0,2.0,3.0,2.0,2.0,2.0,1.0,1.0,2.0,2.0,3.0,1.0
107264006,2.0,1.0,3.0,2.0,3.0,2.0,2.0,2.0,1.0,1.0,2.0,2.0,3.0,1.0
107265171,2.0,2.0,3.0,2.0,3.0,2.0,2.0,2.0,1.0,1.0,2.0,2.0,3.0,1.0
107268557,2.0,2.0,3.0,2.0,3.0,2.0,2.0,2.0,1.0,1.0,2.0,2.0,3.0,1.0
107269951,2.0,2.0,3.0,2.0,3.0,2.0,2.0,2.0,1.0,1.0,2.0,2.0,3.0,1.0
107271672,2.0,2.0,3.0,2.0,3.0,2.0,2.0,2.0,1.0,1.0,2.0,2.0,3.0,1.0
107273203,2.0,2.0,3.0,2.0,3.0,2.0,2.0,2.0,1.0,1.0,2.0,2.0,3.0,1.0
107273462,2.0,2.0,3.0,2.0,3.0,2.0,2.0,2.0,1.0,1.0,2.0,2.0,3.0,1.0
107278778,1.0,2.0,3.0,2.0,3.0,2.0,2.0,2.0,1.0,1.0,2.0,2.0,3.0,1.0
107280373,2.0,2.0,3.0,2.0,3.0,2.0,2.0,2.0,1.0,1.0,2.0,2.0,3.0,1.0
107281239,2.0,2.0,3.0,2.0,3.0,2.0,2.0,2.0,1.0,1.0,2.0,2.0,3.0,1.0
107284039,2.0,2.0,3.0,2.0,3.0,2.0,2.0,2.0,1.0,1.0,2.0,2.0,3.0,1.0
107288021,2.0,2.0,3.0,2.0,3.0,2.0,2.0,2.0,1.0,1.0,2.0,2.0,3.0,1.0
107289924,1.0,2.0,0.0,0.0,2.0,2.0,2.0,2.0,1.0,1.0,2.0,2.0,3.0,1.0
107290306,0.0,0.0,0.0,1.0,3.0,2.0,2.0,2.0,1.0,1.0,2.0,2.0,3.0,1.0
107293737,2.0,2.0,3.0,2.0,3.0,2.0,2.0,2.0,1.0,1.0,2.0,2.0,3.0,1.0
107294315,2.0,2.0,3.0,2.0,3.0,2.0,2.0,2.0,1.0,1.0,2.0,2.0,3.0,1.0
107294829,2.0,2.0,3.0,2.0,3.0,2.0,2.0,2.0,1.0,1.0,2.0,2.0,3.0,1.0
107295203,0.0,0.0,0.0,0.0,0.0,0.0,2.0,2.0,1.0,1.0,2.0,2.0,3.0,1.0
107296090,2.0,2.0,3.0,2.0,3.0,2.0,2.0,2.0,1.0,1.0,2.0,2.0,3.0,1.0
107297011,2.0,2.0,3.0,2.0,3.0,2.0,2.0,2.0,1.0,1.0,2.0,2.0,3.0,1.0
107297438,2.0,2.0,3.0,2.0,3.0,2.0,2.0,2.0,1.0,1.0,2.0,2.0,3.0,1.0
107297588,2.0,2.0,3.0,2.0,3.0,2.0,2.0,2.0,1.0,1.0,2.0,2.0,3.0,1.0
107299196,2.0,2.0,3.0,2.0,3.0,2.0,2.0,2.0,1.0,1.0,2.0,2.0,3.0,1.0
107299375,2.0,2.0,3.0,2.0,3.0,2.0,2.0,2.0,1.0,1.0,2.0,2.0,3.0,1.0
107300045,2.0,1.0,0.0,0.0,0.0,0.0,0.0,0.0,0.0,0.0,0.0,0.0,0.0,0.0
107300244,2.0,2.0,3.0,2.0,3.0,2.0,2.0,2.0,1.0,1.0,2.0,2.0,3.0,1.0
107301219,2.0,2.0,3.0,2.0,3.0,2.0,2.0,2.0,1.0,1.0,2.0,2.0,3.0,1.0
107301297,0.0,0.0,0.0,0.0,0.0,0.0,0.0,0.0,0.0,0.0,0.0,0.0,2.0,1.0
107302550,2.0,2.0,3.0,2.0,3.0,2.0,2.0,2.0,1.0,1.0,2.0,2.0,3.0,1.0
107303385,2.0,2.0,3.0,2.0,3.0,2.0,2.0,2.0,1.0,1.0,2.0,2.0,3.0,1.0
107303673,0.0,0.0,0.0,0.0,0.0,0.0,0.0,0.0,0.0,0.0,0.0,0.0,1.0,1.0
107304029,2.0,2.0,3.0,2.0,3.0,2.0,2.0,2.0,1.0,1.0,2.0,2.0,3.0,1.0
107305160,2.0,2.0,3.0,2.0,3.0,2.0,2.0,2.0,1.0,1.0,2.0,2.0,3.0,1.0
107305300,2.0,2.0,3.0,2.0,3.0,2.0,2.0,2.0,1.0,1.0,2.0,2.0,3.0,1.0
107306438,2.0,2.0,3.0,2.0,3.0,2.0,2.0,2.0,1.0,1.0,2.0,2.0,3.0,1.0
107306598,2.0,2.0,3.0,2.0,3.0,2.0,2.0,2.0,1.0,1.0,2.0,2.0,3.0,1.0
107306742,2.0,2.0,3.0,2.0,3.0,2.0,2.0,2.0,1.0,1.0,2.0,2.0,3.0,1.0
107323754,2.0,2.0,3.0,2.0,3.0,2.0,2.0,2.0,1.0,1.0,2.0,2.0,3.0,1.0
109282756,2.0,2.0,3.0,2.0,3.0,2.0,2.0,2.0,1.0,1.0,2.0,2.0,3.0,1.0
109442414,2.0,2.0,3.0,2.0,3.0,2.0,2.0,2.0,1.0,1.0,2.0,2.0,3.0,1.0
109876852,0.0,0.0,0.0,0.0,0.0,0.0,0.0,0.0,0.0,1.0,2.0,2.0,3.0,1.0
109979750,0.0,0.0,0.0,0.0,0.0,0.0,0.0,0.0,0.0,0.0,0.0,0.0,2.0,1.0
110011984,2.0,2.0,3.0,2.0,3.0,2.0,2.0,2.0,1.0,1.0,2.0,2.0,3.0,1.0
110513772,0.0,0.0,0.0,0.0,0.0,0.0,2.0,2.0,1.0,1.0,2.0,2.0,3.0,1.0
110563710,2.0,2.0,3.0,2.0,3.0,2.0,2.0,2.0,1.0,1.0,2.0,2.0,3.0,1.0
114838473,3.0,2.0,3.0,2.0,3.0,2.0,2.0,2.0,1.0,1.0,3.0,2.0,3.0,1.0
116819449,2.0,2.0,3.0,2.0,3.0,2.0,2.0,2.0,1.0,1.0,2.0,2.0,3.0,1.0
116940249,2.0,2.0,3.0,2.0,3.0,2.0,2.0,2.0,1.0,1.0,2.0,2.0,3.0,1.0
117826225,2.0,2.0,3.0,2.0,3.0,2.0,2.0,2.0,1.0,1.0,2.0,2.0,3.0,1.0
122783649,0.0,0.0,0.0,0.0,0.0,0.0,0.0,0.0,0.0,0.0,0.0,0.0,2.0,1.0
122957384,1.0,2.0,3.0,2.0,3.0,2.0,2.0,2.0,1.0,1.0,2.0,2.0,3.0,1.0
123082953,2.0,2.0,3.0,2.0,3.0,2.0,2.0,2.0,1.0,1.0,2.0,2.0,3.0,1.0
130429837,2.0,2.0,3.0,2.0,3.0,2.0,2.0,2.0,1.0,1.0,2.0,2.0,3.0,1.0
137238588,2.0,2.0,3.0,2.0,3.0,2.0,2.0,2.0,1.0,1.0,2.0,2.0,3.0,1.0
137244901,2.0,2.0,3.0,2.0,3.0,2.0,2.0,2.0,1.0,1.0,2.0,2.0,3.0,1.0
137283288,1.0,2.0,3.0,2.0,3.0,2.0,2.0,2.0,1.0,1.0,2.0,2.0,3.0,1.0
137397639,0.0,0.0,0.0,0.0,0.0,0.0,0.0,0.0,0.0,0.0,0.0,0.0,3.0,1.0
137420272,2.0,2.0,3.0,2.0,3.0,2.0,2.0,2.0,1.0,1.0,2.0,2.0,3.0,1.0
137913010,2.0,2.0,3.0,2.0,3.0,2.0,2.0,2.0,1.0,1.0,2.0,2.0,3.0,1.0
137945992,2.0,2.0,3.0,2.0,3.0,2.0,2.0,2.0,1.0,1.0,2.0,2.0,3.0,1.0
137986060,0.0,0.0,0.0,2.0,3.0,2.0,2.0,2.0,1.0,1.0,2.0,2.0,3.0,1.0
138016753,2.0,2.0,3.0,2.0,3.0,2.0,2.0,2.0,1.0,1.0,2.0,2.0,3.0,1.0
138340136,2.0,2.0,3.0,2.0,3.0,2.0,2.0,2.0,1.0,1.0,2.0,2.0,3.0,1.0
157738246,0.0,0.0,0.0,0.0,1.0,2.0,2.0,2.0,1.0,1.0,2.0,2.0,3.0,1.0
157818811,0.0,0.0,0.0,0.0,1.0,2.0,2.0,2.0,1.0,1.0,2.0,2.0,3.0,1.0
157841660,1.0,2.0,3.0,2.0,3.0,2.0,2.0,2.0,1.0,1.0,2.0,2.0,3.0,1.0
157978454,0.0,2.0,3.0,2.0,3.0,2.0,2.0,2.0,1.0,1.0,2.0,2.0,3.0,1.0
158034073,2.0,2.0,3.0,2.0,3.0,2.0,2.0,2.0,1.0,1.0,2.0,2.0,3.0,1.0
158053447,0.0,0.0,0.0,0.0,0.0,0.0,0.0,0.0,0.0,0.0,0.0,1.0,3.0,1.0
158091516,2.0,2.0,3.0,2.0,3.0,2.0,2.0,2.0,1.0,1.0,2.0,2.0,3.0,1.0
158159891,2.0,2.0,3.0,2.0,3.0,2.0,2.0,2.0,1.0,1.0,2.0,2.0,3.0,1.0
158160899,0.0,0.0,3.0,2.0,3.0,2.0,2.0,2.0,1.0,1.0,2.0,2.0,3.0,1.0
158210261,2.0,2.0,3.0,2.0,3.0,1.0,0.0,0.0,0.0,0.0,0.0,0.0,0.0,0.0
158339510,2.0,2.0,3.0,2.0,3.0,2.0,2.0,2.0,1.0,1.0,2.0,2.0,3.0,1.0
158346908,2.0,2.0,3.0,2.0,3.0,2.0,2.0,2.0,1.0,1.0,2.0,2.0,3.0,1.0
158409990,0.0,0.0,0.0,0.0,0.0,0.0,2.0,2.0,1.0,1.0,2.0,2.0,3.0,1.0
158430212,2.0,2.0,1.0,0.0,0.0,0.0,0.0,0.0,0.0,0.0,0.0,0.0,0.0,0.0
158434190,2.0,2.0,3.0,2.0,3.0,2.0,2.0,2.0,1.0,1.0,2.0,2.0,3.0,1.0
158473208,1.0,2.0,3.0,2.0,3.0,2.0,2.0,2.0,1.0,1.0,2.0,2.0,3.0,1.0
158497159,2.0,2.0,3.0,2.0,3.0,2.0,2.0,2.0,1.0,1.0,2.0,2.0,3.0,1.0
158500168,0.0,0.0,1.0,2.0,3.0,2.0,2.0,2.0,1.0,1.0,2.0,2.0,3.0,1.0
158524134,2.0,2.0,3.0,2.0,3.0,2.0,2.0,2.0,1.0,1.0,2.0,2.0,3.0,1.0
158540763,1.0,2.0,3.0,2.0,3.0,2.0,2.0,2.0,1.0,1.0,2.0,2.0,3.0,1.0
158540973,2.0,2.0,3.0,2.0,3.0,2.0,2.0,2.0,1.0,1.0,2.0,2.0,3.0,1.0
158541090,0.0,0.0,0.0,0.0,0.0,0.0,0.0,0.0,0.0,0.0,2.0,2.0,3.0,1.0
158618016,2.0,2.0,3.0,2.0,3.0,2.0,2.0,2.0,1.0,1.0,2.0,2.0,3.0,1.0
158623831,1.0,2.0,3.0,2.0,3.0,2.0,2.0,2.0,1.0,1.0,2.0,2.0,3.0,1.0
158625154,1.0,2.0,3.0,2.0,3.0,2.0,2.0,2.0,1.0,1.0,2.0,2.0,3.0,1.0
158651888,0.0,0.0,0.0,0.0,0.0,0.0,0.0,0.0,0.0,0.0,0.0,0.0,1.0,1.0
158676360,1.0,2.0,3.0,2.0,3.0,2.0,2.0,2.0,1.0,1.0,2.0,2.0,3.0,1.0
158679783,1.0,2.0,3.0,2.0,3.0,2.0,2.0,2.0,1.0,1.0,2.0,2.0,3.0,1.0
158698199,1.0,2.0,3.0,2.0,3.0,2.0,2.0,2.0,1.0,1.0,2.0,2.0,3.0,1.0
158719083,2.0,2.0,3.0,2.0,3.0,2.0,2.0,2.0,1.0,1.0,2.0,2.0,3.0,1.0
158728273,1.0,2.0,3.0,2.0,3.0,2.0,2.0,2.0,1.0,1.0,2.0,2.0,3.0,1.0
158733340,1.0,2.0,3.0,2.0,3.0,2.0,2.0,2.0,1.0,1.0,2.0,2.0,3.0,1.0
158744959,1.0,2.0,3.0,2.0,3.0,2.0,2.0,2.0,1.0,1.0,2.0,2.0,3.0,1.0
158745465,1.0,2.0,3.0,2.0,3.0,2.0,2.0,2.0,1.0,1.0,2.0,2.0,3.0,1.0
158789785,1.0,2.0,3.0,2.0,3.0,2.0,2.0,2.0,1.0,1.0,2.0,2.0,3.0,1.0
158831628,1.0,2.0,3.0,2.0,3.0,2.0,2.0,2.0,1.0,1.0,2.0,2.0,3.0,1.0
158839273,1.0,2.0,3.0,2.0,3.0,2.0,2.0,2.0,1.0,1.0,2.0,2.0,3.0,1.0
158880352,1.0,2.0,3.0,2.0,3.0,2.0,2.0,2.0,1.0,1.0,2.0,2.0,3.0,1.0
158886626,0.0,2.0,3.0,2.0,3.0,2.0,2.0,2.0,1.0,1.0,2.0,2.0,3.0,1.0
158906294,0.0,2.0,3.0,2.0,3.0,2.0,2.0,2.0,1.0,1.0,2.0,2.0,3.0,1.0
158925489,0.0,2.0,3.0,2.0,3.0,2.0,2.0,2.0,1.0,1.0,2.0,2.0,3.0,1.0
158931659,0.0,2.0,3.0,2.0,3.0,2.0,2.0,2.0,1.0,1.0,2.0,2.0,3.0,1.0
158990980,0.0,0.0,0.0,2.0,3.0,2.0,2.0,2.0,1.0,1.0,2.0,2.0,3.0,1.0
158995738,0.0,0.0,0.0,0.0,0.0,0.0,0.0,0.0,0.0,0.0,1.0,2.0,3.0,1.0
159052739,0.0,2.0,3.0,2.0,3.0,2.0,2.0,2.0,1.0,1.0,2.0,2.0,3.0,1.0
159052748,0.0,2.0,3.0,2.0,3.0,2.0,2.0,2.0,1.0,1.0,2.0,2.0,3.0,1.0
159138245,0.0,2.0,3.0,2.0,3.0,2.0,2.0,2.0,1.0,1.0,2.0,2.0,3.0,1.0
161782173,0.0,0.0,0.0,0.0,0.0,0.0,0.0,0.0,0.0,0.0,0.0,1.0,3.0,1.0
253538608,0.0,0.0,0.0,0.0,0.0,0.0,2.0,2.0,1.0,1.0,2.0,2.0,3.0,1.0
